id_comment,Avaliador 1,Avaliador 2,Avaliador 3,Label Final
1,0,0,0,0
2,0,0,0,0
3,0,0,0,0
4,0,0,0,0
5,0,0,0,0
6,0,0,0,0
7,0,0,0,0
8,0,0,0,0
9,0,0,0,0
10,0,0,0,0
11,0,0,0,0
12,0,0,0,0
13,0,0,0,0
14,0,0,0,0
15,0,0,0,0
16,0,0,0,0
17,0,0,0,0
18,0,0,0,0
19,0,0,0,0
20,0,0,0,0
21,0,0,0,0
22,0,0,0,0
23,0,0,0,0
24,0,0,0,0
25,0,0,0,0
26,0,0,0,0
27,0,0,0,0
28,0,0,0,0
29,0,0,0,0
30,0,0,0,0
31,0,0,0,0
32,0,0,0,0
33,0,0,0,0
34,0,0,0,0
35,0,0,0,0
36,0,0,0,0
37,0,0,0,0
38,0,0,0,0
39,0,0,0,0
40,0,0,0,0
41,0,0,0,0
42,0,0,0,0
43,0,0,0,0
44,0,0,0,0
45,0,0,0,0
46,0,0,0,0
47,0,0,0,0
48,0,0,0,0
49,0,0,0,0
50,0,0,0,0
51,0,0,0,0
52,0,0,0,0
53,0,0,0,0
54,0,0,0,0
55,0,0,0,0
56,0,0,0,0
57,0,0,0,0
58,0,0,0,0
59,0,0,0,0
60,0,0,0,0
61,0,0,0,0
62,0,0,0,0
63,0,0,0,0
64,0,0,0,0
65,0,0,0,0
66,0,0,0,0
67,0,0,0,0
68,0,0,0,0
69,0,0,0,0
70,0,0,0,0
71,0,0,0,0
72,0,0,0,0
73,0,0,0,0
74,0,0,0,0
75,0,0,0,0
76,0,0,0,0
77,0,0,0,0
78,0,0,0,0
79,0,0,0,0
80,0,0,0,0
81,0,0,0,0
82,0,0,0,0
83,0,0,0,0
84,0,0,0,0
85,0,0,0,0
86,0,0,0,0
87,0,0,0,0
88,0,0,0,0
89,0,0,0,0
90,0,0,0,0
91,0,0,0,0
92,0,1,0,0
93,0,0,0,0
94,0,0,0,0
95,0,0,0,0
96,0,0,0,0
97,0,0,0,0
98,0,0,0,0
99,0,0,0,0
100,0,0,0,0
101,0,0,0,0
102,0,0,0,0
103,0,0,0,0
104,0,0,0,0
105,0,0,0,0
106,0,0,0,0
107,0,0,0,0
108,0,0,0,0
109,0,0,0,0
110,0,0,0,0
111,0,0,0,0
112,1,0,0,0
113,0,0,0,0
114,0,0,0,0
115,1,0,0,0
116,0,0,0,0
117,0,0,0,0
118,0,0,0,0
119,0,0,0,0
120,0,0,0,0
121,0,0,0,0
122,0,0,0,0
123,0,0,0,0
124,0,0,0,0
125,0,0,0,0
126,0,0,0,0
127,0,0,0,0
128,0,0,0,0
129,0,0,0,0
130,0,0,0,0
131,0,0,0,0
132,0,0,0,0
133,0,0,0,0
134,0,0,0,0
135,0,0,0,0
136,0,0,0,0
137,0,0,0,0
138,0,0,0,0
139,0,0,0,0
140,0,0,0,0
141,0,0,0,0
142,0,0,0,0
143,0,0,0,0
144,1,0,0,0
145,0,0,0,0
146,0,0,0,0
147,0,0,0,0
148,0,0,0,0
149,0,0,0,0
150,0,0,0,0
151,0,0,0,0
152,0,0,0,0
153,0,0,0,0
154,0,0,0,0
155,0,0,0,0
156,0,0,0,0
157,0,0,0,0
158,0,0,0,0
159,0,0,0,0
160,0,0,0,0
161,0,0,0,0
162,0,0,0,0
163,0,0,0,0
164,0,0,0,0
165,0,0,0,0
166,0,0,0,0
167,0,0,0,0
168,0,0,0,0
169,0,0,0,0
170,0,0,0,0
171,0,0,0,0
172,0,0,0,0
173,1,0,0,0
174,0,0,0,0
175,0,0,0,0
176,0,0,0,0
177,0,0,0,0
178,0,0,0,0
179,0,0,0,0
180,0,0,0,0
181,0,0,0,0
182,0,0,0,0
183,0,0,0,0
184,0,0,0,0
185,0,0,0,0
186,0,0,0,0
187,0,0,0,0
188,0,0,0,0
189,0,0,0,0
190,0,0,0,0
191,0,0,0,0
192,0,0,0,0
193,0,0,0,0
194,0,0,0,0
195,0,0,0,0
196,0,0,0,0
197,0,0,0,0
198,0,0,0,0
199,0,0,0,0
200,0,0,0,0
201,0,0,0,0
202,0,0,0,0
203,0,0,0,0
204,0,0,0,0
205,0,0,0,0
206,0,0,0,0
207,0,0,0,0
208,0,0,0,0
209,0,0,0,0
210,0,0,0,0
211,0,0,0,0
212,0,0,0,0
213,0,0,0,0
214,0,0,0,0
215,0,0,0,0
216,0,0,0,0
217,0,0,0,0
218,0,0,0,0
219,0,0,0,0
220,1,0,0,0
221,0,0,0,0
222,0,0,0,0
223,0,0,0,0
224,0,0,0,0
225,0,0,0,0
226,0,0,0,0
227,0,0,0,0
228,0,0,0,0
229,0,0,0,0
230,0,0,0,0
231,0,0,0,0
232,0,0,1,0
233,0,0,1,0
234,0,0,0,0
235,0,0,0,0
236,0,0,0,0
237,0,0,0,0
238,0,0,0,0
239,0,0,0,0
240,0,0,0,0
241,0,0,0,0
242,0,0,0,0
243,0,0,0,0
244,0,0,0,0
245,0,0,0,0
246,0,0,0,0
247,0,0,0,0
248,0,0,0,0
249,0,0,0,0
250,0,0,0,0
251,0,0,0,0
252,0,0,0,0
253,0,0,0,0
254,0,0,0,0
255,0,0,0,0
256,0,0,0,0
257,0,0,0,0
258,0,0,0,0
259,0,0,0,0
260,0,0,0,0
261,0,0,0,0
262,0,0,0,0
263,0,0,0,0
264,0,0,0,0
265,0,0,0,0
266,0,0,0,0
267,0,0,0,0
268,0,0,0,0
269,0,0,1,0
270,0,0,0,0
271,0,0,0,0
272,0,0,0,0
273,0,0,0,0
274,1,0,0,0
275,0,0,0,0
276,0,0,0,0
277,0,0,0,0
278,1,0,0,0
279,0,0,0,0
280,0,0,0,0
281,0,0,0,0
282,0,0,0,0
283,0,0,0,0
284,0,0,0,0
285,0,0,0,0
286,0,0,0,0
287,0,0,0,0
288,0,0,0,0
289,0,0,0,0
290,0,0,0,0
291,0,0,0,0
292,0,0,0,0
293,0,0,0,0
294,0,0,0,0
295,0,0,0,0
296,0,0,0,0
297,0,0,0,0
298,0,0,0,0
299,0,0,0,0
300,0,0,0,0
301,0,0,0,0
302,0,0,0,0
303,0,0,0,0
304,0,0,0,0
305,0,0,0,0
306,0,0,0,0
307,0,0,0,0
308,0,0,0,0
309,0,0,0,0
310,0,0,0,0
311,0,0,0,0
312,0,0,0,0
313,0,0,0,0
314,0,0,0,0
315,0,0,0,0
316,0,0,0,0
317,0,0,0,0
318,0,0,0,0
319,0,0,0,0
320,0,0,0,0
321,0,0,0,0
322,0,0,0,0
323,0,0,0,0
324,0,0,0,0
325,0,0,0,0
326,0,0,0,0
327,0,0,0,0
328,0,0,0,0
329,0,0,0,0
330,0,0,0,0
331,0,0,0,0
332,0,0,0,0
333,0,0,0,0
334,0,0,0,0
335,0,0,0,0
336,0,0,0,0
337,0,0,0,0
338,0,0,0,0
339,0,0,0,0
340,0,0,0,0
341,0,0,1,0
342,0,0,0,0
343,0,0,0,0
344,0,0,0,0
345,0,0,0,0
346,0,0,0,0
347,0,0,0,0
348,0,0,0,0
349,0,0,0,0
350,0,0,0,0
351,0,0,0,0
352,0,0,0,0
353,1,0,0,0
354,0,0,0,0
355,0,0,0,0
356,0,0,0,0
357,0,0,0,0
358,0,0,0,0
359,0,0,0,0
360,0,0,0,0
361,1,0,0,0
362,0,0,0,0
363,0,0,0,0
364,0,0,0,0
365,0,0,0,0
366,0,0,0,0
367,0,0,0,0
368,0,0,0,0
369,0,0,0,0
370,0,0,0,0
371,0,0,0,0
372,0,0,0,0
373,0,0,0,0
374,0,0,0,0
375,0,0,0,0
376,0,0,0,0
377,0,0,0,0
378,0,0,0,0
379,0,0,0,0
380,0,0,0,0
381,0,0,0,0
382,0,0,0,0
383,0,0,0,0
384,0,0,0,0
385,0,0,0,0
386,1,0,0,0
387,0,0,0,0
388,0,0,0,0
389,0,0,0,0
390,0,0,0,0
391,1,0,0,0
392,0,0,0,0
393,0,0,0,0
394,0,0,0,0
395,0,0,0,0
396,0,0,0,0
397,0,0,0,0
398,0,0,0,0
399,0,0,0,0
400,0,0,0,0
401,0,1,0,0
402,0,0,0,0
403,0,0,0,0
404,0,0,0,0
405,0,0,0,0
406,0,0,0,0
407,0,0,0,0
408,0,0,0,0
409,0,1,0,0
410,0,0,0,0
411,0,0,0,0
412,0,0,0,0
413,0,0,0,0
414,0,0,0,0
415,0,0,0,0
416,0,0,0,0
417,0,0,0,0
418,0,0,0,0
419,0,1,0,0
420,0,0,0,0
421,0,0,0,0
422,0,0,0,0
423,1,0,0,0
424,0,0,0,0
425,0,0,0,0
426,0,0,0,0
427,0,0,0,0
428,0,0,0,0
429,0,0,0,0
430,0,0,0,0
431,0,1,0,0
432,0,0,0,0
433,0,0,0,0
434,0,0,0,0
435,0,0,0,0
436,0,0,0,0
437,0,0,0,0
438,0,0,0,0
439,0,0,0,0
440,0,0,0,0
441,0,0,0,0
442,0,0,0,0
443,0,0,0,0
444,0,0,0,0
445,0,0,0,0
446,0,0,0,0
447,0,0,0,0
448,0,0,0,0
449,0,0,0,0
450,0,0,0,0
451,0,0,0,0
452,0,0,0,0
453,0,0,0,0
454,0,0,0,0
455,0,0,0,0
456,0,0,0,0
457,0,0,0,0
458,0,0,0,0
459,0,0,0,0
460,0,0,0,0
461,0,0,0,0
462,0,0,0,0
463,0,0,0,0
464,0,0,0,0
465,0,0,0,0
466,0,0,0,0
467,0,0,0,0
468,0,0,0,0
469,0,0,0,0
470,0,0,0,0
471,0,0,0,0
472,0,0,0,0
473,0,0,0,0
474,0,0,0,0
475,0,0,0,0
476,0,0,0,0
477,0,0,0,0
478,0,0,0,0
479,0,0,0,0
480,0,0,0,0
481,0,0,0,0
482,0,0,0,0
483,0,0,0,0
484,0,0,0,0
485,0,0,0,0
486,0,0,0,0
487,0,0,0,0
488,0,0,0,0
489,0,0,0,0
490,0,0,0,0
491,0,1,0,0
492,0,0,0,0
493,0,0,0,0
494,0,0,0,0
495,0,0,0,0
496,0,0,0,0
497,0,0,0,0
498,0,0,0,0
499,0,1,0,0
500,0,0,0,0
501,0,0,0,0
502,0,0,0,0
503,0,0,0,0
504,0,0,0,0
505,0,0,0,0
506,1,0,0,0
507,0,0,0,0
508,0,0,0,0
509,0,0,0,0
510,0,0,0,0
511,0,0,0,0
512,0,0,0,0
513,0,0,0,0
514,0,0,0,0
515,0,0,0,0
516,0,0,0,0
517,0,0,0,0
518,0,0,0,0
519,0,0,0,0
520,0,0,0,0
521,0,0,0,0
522,0,0,0,0
523,0,0,0,0
524,0,0,0,0
525,0,0,0,0
526,0,0,0,0
527,0,0,0,0
528,0,0,0,0
529,0,0,0,0
530,0,0,0,0
531,0,0,0,0
532,0,0,0,0
533,0,1,0,0
534,0,0,0,0
535,0,0,0,0
536,0,0,0,0
537,0,0,0,0
538,0,0,0,0
539,0,0,0,0
540,0,0,0,0
541,0,0,0,0
542,0,0,0,0
543,0,0,0,0
544,1,0,0,0
545,0,0,0,0
546,0,0,0,0
547,0,0,0,0
548,0,0,0,0
549,0,0,0,0
550,0,0,0,0
551,0,0,0,0
552,0,0,0,0
553,0,0,1,0
554,1,0,0,0
555,0,0,0,0
556,0,0,0,0
557,0,0,0,0
558,0,0,0,0
559,0,0,0,0
560,0,0,0,0
561,0,0,0,0
562,0,0,0,0
563,0,0,0,0
564,0,1,0,0
565,0,0,0,0
566,0,0,0,0
567,0,0,0,0
568,0,0,0,0
569,0,0,0,0
570,1,0,0,0
571,0,0,0,0
572,0,0,0,0
573,0,0,0,0
574,0,0,0,0
575,0,0,0,0
576,0,0,0,0
577,0,0,0,0
578,1,0,0,0
579,0,0,0,0
580,0,0,0,0
581,1,0,0,0
582,0,0,0,0
583,1,0,0,0
584,0,0,0,0
585,0,0,1,0
586,1,0,0,0
587,0,0,0,0
588,1,0,0,0
589,0,0,0,0
590,0,0,0,0
591,0,0,0,0
592,0,0,0,0
593,1,0,0,0
594,0,0,0,0
595,0,0,0,0
596,1,0,0,0
597,0,0,0,0
598,1,0,0,0
599,1,0,0,0
600,0,0,0,0
601,1,0,0,0
602,1,0,0,0
603,0,0,0,0
604,0,0,0,0
605,0,0,0,0
606,0,0,0,0
607,0,0,1,0
608,0,0,0,0
609,0,0,0,0
610,1,0,0,0
611,0,0,0,0
612,0,0,0,0
613,0,0,0,0
614,0,0,0,0
615,0,0,0,0
616,0,0,0,0
617,0,0,0,0
618,0,0,0,0
619,0,0,1,0
620,0,0,0,0
621,0,0,0,0
622,0,0,0,0
623,0,0,0,0
624,0,0,0,0
625,1,0,0,0
626,0,0,0,0
627,0,0,0,0
628,0,0,0,0
629,0,0,0,0
630,0,0,0,0
631,0,0,0,0
632,0,0,0,0
633,0,0,0,0
634,0,0,0,0
635,0,0,0,0
636,0,0,1,0
637,0,0,0,0
638,0,0,1,0
639,0,0,0,0
640,0,0,1,0
641,0,0,0,0
642,0,0,0,0
643,0,0,0,0
644,0,0,1,0
645,0,0,0,0
646,0,0,0,0
647,0,0,0,0
648,0,0,1,0
649,0,0,0,0
650,0,0,0,0
651,0,0,0,0
652,0,0,0,0
653,0,0,0,0
654,0,0,1,0
655,0,0,0,0
656,0,0,0,0
657,0,0,0,0
658,0,0,0,0
659,0,0,0,0
660,0,0,0,0
661,0,0,0,0
662,0,0,0,0
663,0,0,0,0
664,0,0,1,0
665,0,0,0,0
666,0,0,0,0
667,0,0,0,0
668,0,0,1,0
669,0,0,0,0
670,0,0,0,0
671,0,0,0,0
672,0,0,1,0
673,0,0,0,0
674,0,0,0,0
675,0,0,0,0
676,0,0,0,0
677,0,0,0,0
678,0,0,1,0
679,0,0,1,0
680,0,0,0,0
681,0,0,1,0
682,0,0,0,0
683,0,0,0,0
684,0,0,0,0
685,0,0,0,0
686,0,0,0,0
687,0,0,0,0
688,0,0,1,0
689,0,0,0,0
690,0,0,0,0
691,0,0,1,0
692,0,0,1,0
693,0,0,0,0
694,0,0,0,0
695,0,0,0,0
696,0,0,0,0
697,0,0,1,0
698,0,1,0,0
699,0,0,0,0
700,0,0,0,0
701,0,0,0,0
702,0,0,0,0
703,0,0,0,0
704,0,0,0,0
705,0,0,0,0
706,0,0,0,0
707,0,0,0,0
708,0,0,1,0
709,0,0,0,0
710,0,0,0,0
711,0,0,0,0
712,0,0,0,0
713,0,0,0,0
714,0,0,0,0
715,0,0,0,0
716,0,0,0,0
717,0,0,0,0
718,0,0,0,0
719,0,0,0,0
720,0,0,0,0
721,0,0,0,0
722,0,0,0,0
723,0,0,0,0
724,0,0,0,0
725,0,0,1,0
726,0,0,0,0
727,0,0,0,0
728,0,0,0,0
729,0,0,0,0
730,0,0,0,0
731,0,0,1,0
732,0,0,0,0
733,0,0,0,0
734,0,0,0,0
735,0,0,1,0
736,1,0,0,0
737,0,0,0,0
738,0,0,0,0
739,0,0,1,0
740,0,0,0,0
741,0,0,0,0
742,0,0,0,0
743,0,0,0,0
744,0,0,0,0
745,0,0,0,0
746,1,0,0,0
747,0,0,0,0
748,0,0,0,0
749,0,0,0,0
750,0,0,0,0
751,0,0,0,0
752,0,0,0,0
753,0,0,0,0
754,0,0,0,0
755,0,0,0,0
756,0,0,0,0
757,0,0,0,0
758,0,0,0,0
759,0,0,0,0
760,0,0,1,0
761,1,0,0,0
762,0,0,1,0
763,0,0,0,0
764,0,0,0,0
765,0,0,0,0
766,0,0,0,0
767,0,0,0,0
768,0,0,0,0
769,0,0,0,0
770,0,0,1,0
771,0,0,0,0
772,0,0,0,0
773,0,0,0,0
774,0,0,0,0
775,0,0,0,0
776,0,0,0,0
777,0,0,0,0
778,0,0,0,0
779,0,0,0,0
780,0,0,0,0
781,0,0,0,0
782,0,0,0,0
783,0,0,0,0
784,0,0,0,0
785,0,0,0,0
786,0,0,0,0
787,0,0,1,0
788,0,0,0,0
789,0,0,0,0
790,0,0,0,0
791,0,0,0,0
792,0,0,0,0
793,0,0,0,0
794,0,0,1,0
795,0,0,0,0
796,0,0,0,0
797,0,0,0,0
798,0,0,0,0
799,0,0,0,0
800,0,0,0,0
801,0,0,1,0
802,0,0,1,0
803,0,0,0,0
804,0,0,0,0
805,0,0,0,0
806,0,0,0,0
807,0,0,0,0
808,0,0,0,0
809,0,0,0,0
810,0,0,0,0
811,0,0,0,0
812,0,0,0,0
813,0,1,0,0
814,0,0,0,0
815,0,0,0,0
816,0,0,0,0
817,0,0,0,0
818,0,0,0,0
819,0,0,0,0
820,0,0,1,0
821,0,0,0,0
822,0,0,0,0
823,0,0,1,0
824,0,0,0,0
825,0,0,0,0
826,0,0,0,0
827,0,0,1,0
828,0,0,0,0
829,0,0,0,0
830,0,0,0,0
831,0,0,0,0
832,0,0,0,0
833,0,0,0,0
834,0,0,0,0
835,0,0,0,0
836,0,0,0,0
837,0,0,0,0
838,0,0,0,0
839,0,0,0,0
840,0,1,0,0
841,0,0,0,0
842,0,0,0,0
843,0,0,0,0
844,0,0,0,0
845,0,0,0,0
846,0,0,0,0
847,0,0,0,0
848,0,0,0,0
849,0,0,0,0
850,0,0,0,0
851,0,0,0,0
852,0,1,0,0
853,0,0,0,0
854,0,0,0,0
855,0,0,1,0
856,1,0,0,0
857,1,0,0,0
858,0,0,0,0
859,0,1,0,0
860,0,0,0,0
861,0,0,0,0
862,0,0,0,0
863,0,0,0,0
864,1,0,0,0
865,0,0,0,0
866,0,0,1,0
867,0,0,1,0
868,0,0,0,0
869,0,0,0,0
870,1,0,0,0
871,0,0,0,0
872,0,0,1,0
873,0,0,0,0
874,0,0,0,0
875,0,0,1,0
876,0,0,0,0
877,0,1,0,0
878,0,0,0,0
879,0,0,0,0
880,0,0,0,0
881,0,0,1,0
882,0,0,0,0
883,0,0,1,0
884,0,0,0,0
885,0,0,0,0
886,0,0,1,0
887,0,0,0,0
888,0,0,0,0
889,0,0,0,0
890,0,0,0,0
891,0,0,0,0
892,0,0,0,0
893,0,0,0,0
894,0,0,0,0
895,0,0,0,0
896,0,0,0,0
897,0,0,0,0
898,0,0,0,0
899,0,0,0,0
900,0,0,0,0
901,0,0,0,0
902,0,0,0,0
903,0,0,0,0
904,0,0,0,0
905,0,0,0,0
906,0,0,0,0
907,0,1,0,0
908,0,0,0,0
909,0,0,0,0
910,0,0,0,0
911,0,1,0,0
912,0,0,0,0
913,0,1,0,0
914,0,0,0,0
915,0,0,0,0
916,1,0,0,0
917,0,0,0,0
918,0,0,1,0
919,0,0,0,0
920,0,0,0,0
921,0,0,0,0
922,0,0,1,0
923,0,0,0,0
924,0,0,0,0
925,0,0,0,0
926,0,0,0,0
927,0,0,0,0
928,0,1,0,0
929,0,0,0,0
930,0,0,0,0
931,0,0,0,0
932,0,0,0,0
933,0,0,0,0
934,0,0,0,0
935,0,0,0,0
936,0,0,1,0
937,0,1,0,0
938,0,0,1,0
939,0,0,1,0
940,0,1,0,0
941,0,0,0,0
942,0,0,0,0
943,0,0,0,0
944,0,0,0,0
945,0,0,0,0
946,0,0,0,0
947,0,0,0,0
948,0,0,1,0
949,1,0,0,0
950,0,0,0,0
951,0,0,0,0
952,0,0,0,0
953,0,0,0,0
954,0,0,1,0
955,0,0,0,0
956,0,0,0,0
957,0,0,0,0
958,0,0,0,0
959,0,0,0,0
960,0,0,0,0
961,0,0,0,0
962,0,0,0,0
963,0,0,1,0
964,0,0,0,0
965,0,0,0,0
966,1,0,0,0
967,0,0,0,0
968,0,0,0,0
969,1,0,0,0
970,0,0,0,0
971,0,0,0,0
972,0,0,0,0
973,0,0,0,0
974,0,0,0,0
975,1,0,0,0
976,0,0,0,0
977,0,0,0,0
978,0,0,0,0
979,0,0,0,0
980,0,0,0,0
981,0,0,0,0
982,0,0,0,0
983,0,0,1,0
984,0,0,0,0
985,0,0,0,0
986,0,0,0,0
987,1,0,0,0
988,0,0,1,0
989,0,0,0,0
990,1,0,0,0
991,0,0,0,0
992,0,0,0,0
993,0,0,0,0
994,0,0,0,0
995,0,0,1,0
996,1,0,0,0
997,0,0,0,0
998,1,0,0,0
999,0,0,1,0
1000,0,0,0,0
1001,0,0,1,0
1002,0,0,0,0
1003,1,0,0,0
1004,1,0,0,0
1005,0,0,0,0
1006,0,0,0,0
1007,0,0,0,0
1008,0,0,0,0
1009,0,0,0,0
1010,1,0,0,0
1011,0,0,0,0
1012,0,0,0,0
1013,0,0,0,0
1014,0,0,0,0
1015,0,0,0,0
1016,0,0,0,0
1017,0,0,0,0
1018,0,0,0,0
1019,0,0,0,0
1020,0,0,0,0
1021,0,0,0,0
1022,0,0,0,0
1023,1,0,0,0
1024,0,0,0,0
1025,0,0,0,0
1026,0,0,0,0
1027,0,0,1,0
1028,0,0,0,0
1029,0,0,0,0
1030,0,0,0,0
1031,0,0,0,0
1032,0,0,0,0
1033,0,0,0,0
1034,0,0,0,0
1035,0,0,0,0
1036,0,0,0,0
1037,0,0,0,0
1038,1,0,0,0
1039,0,0,0,0
1040,0,0,0,0
1041,0,0,0,0
1042,0,0,0,0
1043,0,0,0,0
1044,0,0,0,0
1045,0,0,1,0
1046,1,0,0,0
1047,0,0,0,0
1048,0,0,0,0
1049,1,0,0,0
1050,0,0,0,0
1051,0,0,0,0
1052,0,0,0,0
1053,0,0,0,0
1054,0,0,0,0
1055,0,0,0,0
1056,0,0,0,0
1057,0,0,0,0
1058,0,0,0,0
1059,0,0,0,0
1060,0,0,0,0
1061,1,0,0,0
1062,1,0,0,0
1063,0,0,0,0
1064,0,0,0,0
1065,0,0,0,0
1066,0,0,0,0
1067,0,0,0,0
1068,0,0,1,0
1069,0,0,0,0
1070,0,0,0,0
1071,0,0,0,0
1072,0,0,0,0
1073,0,0,0,0
1074,0,0,1,0
1075,0,0,0,0
1076,0,0,0,0
1077,0,0,0,0
1078,0,0,0,0
1079,0,0,0,0
1080,1,0,0,0
1081,1,0,0,0
1082,0,0,0,0
1083,0,0,0,0
1084,0,0,0,0
1085,0,0,0,0
1086,0,0,0,0
1087,0,0,0,0
1088,0,0,0,0
1089,0,0,0,0
1090,0,1,0,0
1091,0,0,0,0
1092,0,0,0,0
1093,0,0,0,0
1094,0,0,0,0
1095,0,0,0,0
1096,0,0,0,0
1097,0,0,0,0
1098,0,0,0,0
1099,0,0,0,0
1100,0,0,0,0
1101,0,0,0,0
1102,0,0,0,0
1103,0,0,0,0
1104,0,0,0,0
1105,0,0,0,0
1106,0,0,0,0
1107,0,0,0,0
1108,0,0,0,0
1109,0,0,0,0
1110,1,0,0,0
1111,0,1,0,0
1112,0,0,0,0
1113,0,1,0,0
1114,0,0,0,0
1115,0,0,0,0
1116,0,0,0,0
1117,0,0,0,0
1118,0,0,0,0
1119,0,0,0,0
1120,0,0,0,0
1121,1,0,0,0
1122,0,0,0,0
1123,0,0,0,0
1124,0,0,1,0
1125,0,0,0,0
1126,0,0,0,0
1127,0,0,0,0
1128,0,0,0,0
1129,0,0,0,0
1130,0,0,0,0
1131,0,0,0,0
1132,0,0,0,0
1133,0,0,0,0
1134,0,0,0,0
1135,0,0,0,0
1136,0,0,0,0
1137,0,0,0,0
1138,0,0,0,0
1139,0,0,0,0
1140,0,0,0,0
1141,0,0,0,0
1142,0,0,0,0
1143,0,0,0,0
1144,0,0,0,0
1145,0,0,1,0
1146,0,0,0,0
1147,0,0,0,0
1148,1,0,0,0
1149,1,0,0,0
1150,0,1,0,0
1151,1,0,0,0
1152,0,0,0,0
1153,0,0,0,0
1154,0,0,0,0
1155,0,0,0,0
1156,0,0,0,0
1157,0,0,0,0
1158,0,0,0,0
1159,0,0,0,0
1160,0,0,0,0
1161,0,0,0,0
1162,0,0,0,0
1163,0,0,0,0
1164,0,0,0,0
1165,0,0,0,0
1166,0,0,0,0
1167,0,0,0,0
1168,0,0,0,0
1169,0,0,0,0
1170,0,0,0,0
1171,0,0,0,0
1172,0,0,0,0
1173,0,0,1,0
1174,0,0,0,0
1175,0,0,0,0
1176,0,0,0,0
1177,0,0,0,0
1178,1,0,0,0
1179,0,0,0,0
1180,0,0,0,0
1181,0,0,0,0
1182,1,0,0,0
1183,0,0,0,0
1184,0,0,0,0
1185,0,0,0,0
1186,0,0,0,0
1187,0,0,0,0
1188,0,0,0,0
1189,0,0,0,0
1190,0,0,0,0
1191,1,0,0,0
1192,0,0,0,0
1193,1,0,0,0
1194,0,0,0,0
1195,0,0,0,0
1196,0,0,0,0
1197,0,0,0,0
1198,0,0,0,0
1199,0,0,0,0
1200,0,0,0,0
1201,0,0,0,0
1202,0,0,0,0
1203,0,0,0,0
1204,0,0,0,0
1205,0,0,0,0
1206,0,0,0,0
1207,0,0,0,0
1208,0,0,0,0
1209,0,0,0,0
1210,0,0,0,0
1211,1,0,0,0
1212,0,0,0,0
1213,0,0,0,0
1214,0,0,0,0
1215,0,0,0,0
1216,0,0,0,0
1217,0,0,0,0
1218,0,0,0,0
1219,0,0,0,0
1220,0,0,0,0
1221,0,0,0,0
1222,0,0,0,0
1223,0,0,0,0
1224,0,0,0,0
1225,0,0,0,0
1226,0,0,0,0
1227,0,0,0,0
1228,0,0,0,0
1229,0,0,0,0
1230,0,0,0,0
1231,0,0,0,0
1232,0,0,0,0
1233,0,0,0,0
1234,0,0,0,0
1235,0,0,0,0
1236,0,0,0,0
1237,0,0,0,0
1238,0,0,0,0
1239,0,0,0,0
1240,0,0,0,0
1241,0,0,0,0
1242,1,0,0,0
1243,0,0,0,0
1244,0,0,0,0
1245,0,0,0,0
1246,0,0,0,0
1247,0,0,0,0
1248,0,0,0,0
1249,0,0,0,0
1250,0,0,0,0
1251,0,0,0,0
1252,0,0,0,0
1253,0,0,0,0
1254,0,0,0,0
1255,0,0,0,0
1256,0,0,0,0
1257,0,0,0,0
1258,0,0,0,0
1259,0,0,0,0
1260,0,0,0,0
1261,0,0,0,0
1262,0,0,0,0
1263,0,0,0,0
1264,0,0,0,0
1265,0,0,0,0
1266,0,0,0,0
1267,0,0,0,0
1268,0,0,0,0
1269,0,0,0,0
1270,0,0,0,0
1271,0,0,0,0
1272,0,0,0,0
1273,0,0,0,0
1274,0,0,0,0
1275,0,0,0,0
1276,0,0,0,0
1277,0,0,0,0
1278,0,0,0,0
1279,0,0,0,0
1280,1,0,0,0
1281,0,0,0,0
1282,0,0,0,0
1283,0,0,0,0
1284,0,0,0,0
1285,0,0,0,0
1286,0,0,0,0
1287,1,0,0,0
1288,0,0,0,0
1289,0,0,0,0
1290,0,0,0,0
1291,0,0,0,0
1292,0,0,0,0
1293,0,0,0,0
1294,0,0,0,0
1295,0,0,0,0
1296,0,0,0,0
1297,0,0,0,0
1298,0,0,0,0
1299,0,0,0,0
1300,0,0,0,0
1301,0,0,0,0
1302,0,0,0,0
1303,0,0,0,0
1304,1,0,0,0
1305,0,0,0,0
1306,0,0,0,0
1307,0,0,0,0
1308,0,0,0,0
1309,0,0,0,0
1310,0,0,0,0
1311,0,0,0,0
1312,0,0,0,0
1313,0,0,0,0
1314,0,0,0,0
1315,0,0,0,0
1316,0,0,0,0
1317,0,0,0,0
1318,0,0,0,0
1319,0,0,0,0
1320,0,0,0,0
1321,0,0,0,0
1322,0,0,0,0
1323,0,0,0,0
1324,0,0,0,0
1325,0,0,0,0
1326,0,0,0,0
1327,0,1,0,0
1328,0,0,0,0
1329,0,0,0,0
1330,0,0,0,0
1331,1,0,0,0
1332,0,0,0,0
1333,1,0,0,0
1334,0,0,0,0
1335,0,0,0,0
1336,0,0,0,0
1337,0,0,0,0
1338,0,0,0,0
1339,0,0,0,0
1340,0,0,0,0
1341,0,0,0,0
1342,0,0,0,0
1343,0,0,0,0
1344,0,0,0,0
1345,0,0,0,0
1346,0,0,0,0
1347,0,0,0,0
1348,0,0,0,0
1349,0,0,0,0
1350,0,0,0,0
1351,0,0,0,0
1352,0,0,0,0
1353,0,0,0,0
1354,0,0,0,0
1355,0,0,0,0
1356,0,0,0,0
1357,0,0,0,0
1358,0,0,0,0
1359,0,0,0,0
1360,0,0,0,0
1361,0,1,0,0
1362,0,0,0,0
1363,0,0,0,0
1364,0,0,0,0
1365,0,0,0,0
1366,0,0,0,0
1367,0,0,0,0
1368,0,0,0,0
1369,0,0,0,0
1370,0,0,0,0
1371,0,0,0,0
1372,0,0,0,0
1373,0,0,0,0
1374,0,0,0,0
1375,0,0,0,0
1376,0,0,0,0
1377,0,0,0,0
1378,0,0,0,0
1379,1,0,0,0
1380,0,0,0,0
1381,0,0,0,0
1382,0,0,0,0
1383,0,0,0,0
1384,0,0,0,0
1385,0,0,0,0
1386,0,0,0,0
1387,0,0,0,0
1388,0,0,0,0
1389,0,0,0,0
1390,0,0,0,0
1391,0,0,0,0
1392,0,0,0,0
1393,0,0,0,0
1394,0,0,0,0
1395,0,0,0,0
1396,1,0,0,0
1397,0,0,0,0
1398,0,0,0,0
1399,0,0,0,0
1400,0,0,0,0
1401,0,0,0,0
1402,0,0,0,0
1403,0,0,0,0
1404,0,0,0,0
1405,0,0,0,0
1406,0,0,0,0
1407,0,0,0,0
1408,0,0,0,0
1409,0,0,0,0
1410,0,0,0,0
1411,0,0,0,0
1412,0,0,0,0
1413,0,0,0,0
1414,0,0,0,0
1415,0,0,0,0
1416,0,0,0,0
1417,0,0,0,0
1418,0,0,0,0
1419,0,0,0,0
1420,1,0,0,0
1421,0,0,0,0
1422,0,0,0,0
1423,0,0,0,0
1424,0,0,0,0
1425,0,0,0,0
1426,0,0,0,0
1427,0,0,0,0
1428,0,0,0,0
1429,0,0,0,0
1430,0,0,0,0
1431,0,0,0,0
1432,0,0,0,0
1433,0,0,0,0
1434,0,0,0,0
1435,0,0,0,0
1436,1,0,0,0
1437,0,0,0,0
1438,0,0,0,0
1439,0,0,0,0
1440,0,0,0,0
1441,0,0,0,0
1442,0,0,0,0
1443,0,0,0,0
1444,0,0,0,0
1445,0,0,0,0
1446,0,0,0,0
1447,0,0,0,0
1448,0,0,0,0
1449,0,0,0,0
1450,0,0,0,0
1451,0,0,0,0
1452,0,0,0,0
1453,0,0,0,0
1454,0,0,0,0
1455,0,0,0,0
1456,0,0,0,0
1457,0,0,0,0
1458,0,0,0,0
1459,0,0,0,0
1460,0,0,0,0
1461,0,0,0,0
1462,0,0,0,0
1463,0,0,0,0
1464,0,0,0,0
1465,0,0,0,0
1466,0,0,0,0
1467,0,0,0,0
1468,0,0,0,0
1469,0,0,0,0
1470,0,0,0,0
1471,0,0,0,0
1472,0,0,0,0
1473,0,0,0,0
1474,0,0,0,0
1475,0,0,0,0
1476,0,0,0,0
1477,0,0,0,0
1478,0,0,0,0
1479,0,0,0,0
1480,0,0,0,0
1481,0,0,0,0
1482,0,0,0,0
1483,0,0,0,0
1484,0,0,0,0
1485,0,0,0,0
1486,0,0,1,0
1487,0,0,0,0
1488,0,0,0,0
1489,0,0,0,0
1490,0,0,0,0
1491,0,0,0,0
1492,0,0,0,0
1493,0,0,0,0
1494,0,0,0,0
1495,0,0,0,0
1496,0,0,0,0
1497,0,0,0,0
1498,0,0,0,0
1499,0,0,0,0
1500,0,0,0,0
1501,0,0,0,0
1502,0,0,0,0
1503,0,0,0,0
1504,0,0,0,0
1505,0,0,0,0
1506,0,0,0,0
1507,1,0,0,0
1508,0,0,0,0
1509,0,0,0,0
1510,0,0,0,0
1511,0,0,0,0
1512,0,0,0,0
1513,0,0,0,0
1514,0,0,0,0
1515,0,0,0,0
1516,0,0,0,0
1517,0,0,0,0
1518,0,0,0,0
1519,0,0,0,0
1520,0,0,0,0
1521,0,0,0,0
1522,0,0,0,0
1523,0,0,0,0
1524,0,0,0,0
1525,0,0,0,0
1526,0,0,0,0
1527,0,0,0,0
1528,0,0,0,0
1529,0,0,0,0
1530,0,0,0,0
1531,0,0,0,0
1532,0,0,0,0
1533,0,0,0,0
1534,0,0,0,0
1535,0,0,0,0
1536,0,0,0,0
1537,0,0,0,0
1538,0,0,0,0
1539,0,0,0,0
1540,0,0,0,0
1541,0,0,0,0
1542,0,0,0,0
1543,0,0,0,0
1544,0,0,0,0
1545,0,0,0,0
1546,0,0,0,0
1547,0,0,0,0
1548,0,0,0,0
1549,0,0,0,0
1550,0,0,0,0
1551,1,0,0,0
1552,0,0,0,0
1553,0,0,0,0
1554,0,0,0,0
1555,0,0,0,0
1556,0,0,0,0
1557,0,0,0,0
1558,0,0,0,0
1559,0,0,0,0
1560,0,0,0,0
1561,1,0,0,0
1562,0,0,0,0
1563,0,0,0,0
1564,0,0,0,0
1565,0,0,0,0
1566,0,0,0,0
1567,0,0,0,0
1568,0,0,0,0
1569,0,0,0,0
1570,0,0,0,0
1571,0,0,0,0
1572,0,0,0,0
1573,0,0,0,0
1574,0,0,0,0
1575,0,0,0,0
1576,0,1,0,0
1577,0,1,0,0
1578,0,1,0,0
1579,0,0,0,0
1580,0,1,0,0
1581,0,0,0,0
1582,0,0,0,0
1583,0,0,1,0
1584,0,1,0,0
1585,0,1,0,0
1586,0,1,0,0
1587,0,0,0,0
1588,0,0,0,0
1589,0,0,0,0
1590,1,0,0,0
1591,0,1,0,0
1592,0,1,0,0
1593,0,0,0,0
1594,0,0,0,0
1595,0,0,0,0
1596,0,0,0,0
1597,0,0,1,0
1598,0,0,0,0
1599,1,0,0,0
1600,0,0,1,0
1601,0,0,0,0
1602,0,0,1,0
1603,0,0,1,0
1604,0,0,1,0
1605,0,0,0,0
1606,0,0,0,0
1607,0,0,0,0
1608,0,0,0,0
1609,0,0,0,0
1610,0,0,0,0
1611,0,0,0,0
1612,0,0,0,0
1613,0,0,0,0
1614,0,0,0,0
1615,0,0,0,0
1616,0,0,0,0
1617,0,0,1,0
1618,0,0,1,0
1619,0,1,0,0
1620,0,1,0,0
1621,0,0,1,0
1622,0,0,1,0
1623,0,0,0,0
1624,0,0,0,0
1625,0,0,0,0
1626,0,0,0,0
1627,0,1,0,0
1628,0,1,0,0
1629,0,0,0,0
1630,0,0,1,0
1631,0,0,0,0
1632,0,0,0,0
1633,0,0,0,0
1634,0,0,0,0
1635,0,0,0,0
1636,0,0,1,0
1637,0,0,0,0
1638,0,0,0,0
1639,0,0,0,0
1640,0,0,0,0
1641,0,0,1,0
1642,0,0,1,0
1643,0,0,1,0
1644,0,0,1,0
1645,0,0,0,0
1646,0,1,0,0
1647,0,0,0,0
1648,0,0,1,0
1649,0,0,0,0
1650,0,0,1,0
1651,0,0,0,0
1652,0,0,0,0
1653,0,1,0,0
1654,0,0,1,0
1655,0,0,1,0
1656,0,0,0,0
1657,0,0,0,0
1658,0,1,0,0
1659,0,0,0,0
1660,0,0,1,0
1661,0,0,1,0
1662,0,0,0,0
1663,0,0,0,0
1664,0,0,1,0
1665,0,0,0,0
1666,0,0,0,0
1667,0,1,0,0
1668,0,0,1,0
1669,0,0,1,0
1670,0,0,1,0
1671,0,0,1,0
1672,0,0,1,0
1673,0,0,0,0
1674,0,0,1,0
1675,0,0,0,0
1676,0,0,1,0
1677,0,0,1,0
1678,0,0,1,0
1679,0,0,0,0
1680,0,0,0,0
1681,0,0,0,0
1682,0,0,0,0
1683,0,0,1,0
1684,0,0,0,0
1685,0,0,0,0
1686,0,1,0,0
1687,0,0,1,0
1688,0,0,0,0
1689,0,1,0,0
1690,0,0,0,0
1691,0,0,0,0
1692,0,0,0,0
1693,0,0,0,0
1694,0,0,0,0
1695,0,0,1,0
1696,0,0,0,0
1697,0,1,0,0
1698,0,0,0,0
1699,0,0,0,0
1700,0,0,1,0
1701,0,0,0,0
1702,0,0,0,0
1703,0,1,0,0
1704,0,1,0,0
1705,0,1,0,0
1706,0,1,0,0
1707,0,0,1,0
1708,0,0,1,0
1709,0,0,0,0
1710,0,0,0,0
1711,0,0,1,0
1712,0,0,0,0
1713,0,0,0,0
1714,0,1,0,0
1715,0,0,1,0
1716,0,0,0,0
1717,0,1,0,0
1718,0,0,0,0
1719,0,0,0,0
1720,0,0,1,0
1721,0,0,0,0
1722,0,0,0,0
1723,0,0,0,0
1724,0,0,0,0
1725,0,0,0,0
1726,0,0,0,0
1727,0,0,0,0
1728,0,0,0,0
1729,0,0,0,0
1730,0,0,0,0
1731,0,0,0,0
1732,0,0,1,0
1733,0,0,0,0
1734,0,0,1,0
1735,0,0,0,0
1736,0,1,0,0
1737,0,0,0,0
1738,0,0,0,0
1739,0,0,0,0
1740,0,0,0,0
1741,0,0,0,0
1742,0,0,0,0
1743,0,0,0,0
1744,0,0,0,0
1745,0,0,0,0
1746,0,0,0,0
1747,0,0,0,0
1748,0,0,0,0
1749,0,0,0,0
1750,0,0,0,0
1751,0,0,0,0
1752,0,0,0,0
1753,0,1,0,0
1754,0,0,0,0
1755,0,0,0,0
1756,0,0,0,0
1757,0,0,0,0
1758,0,0,0,0
1759,0,0,1,0
1760,0,0,0,0
1761,0,1,0,0
1762,0,0,0,0
1763,0,0,0,0
1764,0,0,0,0
1765,0,0,0,0
1766,0,0,0,0
1767,0,0,0,0
1768,0,0,0,0
1769,0,0,0,0
1770,0,0,0,0
1771,0,0,0,0
1772,0,0,0,0
1773,0,0,0,0
1774,0,0,0,0
1775,0,0,0,0
1776,0,1,0,0
1777,0,0,0,0
1778,0,0,1,0
1779,0,0,0,0
1780,0,0,0,0
1781,0,0,0,0
1782,0,0,0,0
1783,0,0,0,0
1784,0,0,0,0
1785,0,0,0,0
1786,0,0,0,0
1787,0,0,0,0
1788,0,0,0,0
1789,0,0,0,0
1790,0,0,0,0
1791,0,0,0,0
1792,0,0,0,0
1793,0,0,0,0
1794,0,0,0,0
1795,0,1,0,0
1796,0,0,0,0
1797,0,0,0,0
1798,0,0,0,0
1799,0,0,0,0
1800,0,0,0,0
1801,0,0,0,0
1802,0,0,0,0
1803,0,0,0,0
1804,0,0,0,0
1805,0,0,0,0
1806,0,0,0,0
1807,0,0,0,0
1808,0,0,0,0
1809,0,0,0,0
1810,0,0,0,0
1811,0,0,0,0
1812,0,0,0,0
1813,0,0,0,0
1814,0,0,0,0
1815,0,0,0,0
1816,0,0,0,0
1817,0,0,0,0
1818,0,0,0,0
1819,0,0,0,0
1820,0,0,0,0
1821,0,0,0,0
1822,0,0,0,0
1823,0,0,0,0
1824,0,0,0,0
1825,0,0,0,0
1826,0,0,0,0
1827,0,0,0,0
1828,0,0,0,0
1829,0,0,0,0
1830,0,0,0,0
1831,0,0,0,0
1832,0,0,0,0
1833,0,0,0,0
1834,0,0,0,0
1835,0,0,0,0
1836,0,0,0,0
1837,0,0,0,0
1838,0,0,0,0
1839,0,0,0,0
1840,0,0,0,0
1841,0,0,1,0
1842,0,0,0,0
1843,0,1,0,0
1844,0,0,0,0
1845,0,0,0,0
1846,0,0,0,0
1847,0,0,0,0
1848,0,0,0,0
1849,0,0,0,0
1850,0,0,0,0
1851,0,0,0,0
1852,0,0,0,0
1853,0,0,0,0
1854,0,0,0,0
1855,0,0,0,0
1856,0,0,0,0
1857,0,0,0,0
1858,0,0,0,0
1859,0,0,0,0
1860,0,0,0,0
1861,0,0,0,0
1862,0,0,0,0
1863,0,0,0,0
1864,0,0,0,0
1865,0,0,0,0
1866,0,0,0,0
1867,0,0,0,0
1868,0,0,1,0
1869,0,0,0,0
1870,0,0,0,0
1871,0,0,0,0
1872,0,0,0,0
1873,0,0,0,0
1874,0,0,0,0
1875,0,0,0,0
1876,0,0,0,0
1877,0,0,1,0
1878,0,0,0,0
1879,0,0,1,0
1880,0,0,0,0
1881,0,0,0,0
1882,0,0,0,0
1883,0,0,0,0
1884,0,0,0,0
1885,0,0,0,0
1886,0,0,0,0
1887,0,0,0,0
1888,0,0,0,0
1889,0,0,0,0
1890,0,0,0,0
1891,0,0,0,0
1892,0,0,0,0
1893,0,0,0,0
1894,0,0,0,0
1895,0,0,0,0
1896,0,0,0,0
1897,0,0,0,0
1898,0,0,0,0
1899,0,0,0,0
1900,0,0,0,0
1901,0,0,0,0
1902,0,0,0,0
1903,0,0,0,0
1904,0,0,1,0
1905,0,0,0,0
1906,1,0,0,0
1907,0,0,0,0
1908,0,0,0,0
1909,0,0,0,0
1910,0,0,0,0
1911,0,0,0,0
1912,0,0,0,0
1913,0,0,0,0
1914,0,0,0,0
1915,0,0,0,0
1916,0,0,0,0
1917,0,0,0,0
1918,0,0,0,0
1919,0,0,0,0
1920,1,0,0,0
1921,0,0,0,0
1922,0,0,0,0
1923,0,0,0,0
1924,0,0,0,0
1925,0,0,0,0
1926,0,0,0,0
1927,0,0,0,0
1928,0,0,0,0
1929,0,0,0,0
1930,0,0,0,0
1931,0,0,0,0
1932,0,0,0,0
1933,0,0,0,0
1934,0,0,0,0
1935,0,0,1,0
1936,0,0,0,0
1937,0,0,0,0
1938,0,0,0,0
1939,0,0,0,0
1940,0,0,0,0
1941,0,0,0,0
1942,0,0,0,0
1943,0,0,0,0
1944,0,0,0,0
1945,0,0,0,0
1946,0,0,0,0
1947,0,0,0,0
1948,1,0,0,0
1949,0,0,0,0
1950,0,0,0,0
1951,0,0,0,0
1952,0,0,0,0
1953,0,0,0,0
1954,0,0,0,0
1955,0,0,1,0
1956,0,0,0,0
1957,0,0,0,0
1958,0,0,0,0
1959,0,0,1,0
1960,0,0,0,0
1961,0,0,0,0
1962,0,0,0,0
1963,0,0,0,0
1964,0,0,0,0
1965,0,0,0,0
1966,1,0,0,0
1967,0,0,0,0
1968,0,0,0,0
1969,0,0,0,0
1970,0,0,1,0
1971,1,0,0,0
1972,0,0,0,0
1973,0,0,0,0
1974,0,0,0,0
1975,0,0,0,0
1976,0,0,0,0
1977,0,0,0,0
1978,0,0,0,0
1979,0,0,0,0
1980,0,1,0,0
1981,0,0,0,0
1982,0,0,0,0
1983,0,0,1,0
1984,0,0,1,0
1985,0,0,0,0
1986,0,0,0,0
1987,0,0,0,0
1988,0,0,0,0
1989,0,0,0,0
1990,0,0,0,0
1991,0,0,0,0
1992,0,0,0,0
1993,0,0,0,0
1994,0,1,0,0
1995,0,0,0,0
1996,0,0,0,0
1997,0,0,0,0
1998,0,0,0,0
1999,0,0,1,0
2000,0,0,1,0
2001,0,0,0,0
2002,0,0,1,0
2003,0,0,0,0
2004,0,0,0,0
2005,0,0,1,0
2006,0,0,0,0
2007,0,0,1,0
2008,0,0,1,0
2009,0,0,0,0
2010,0,0,0,0
2011,0,0,0,0
2012,0,0,0,0
2013,0,0,0,0
2014,0,0,1,0
2015,0,0,1,0
2016,0,0,0,0
2017,0,0,1,0
2018,0,0,0,0
2019,0,0,1,0
2020,0,0,0,0
2021,0,0,0,0
2022,0,0,0,0
2023,0,0,1,0
2024,0,0,0,0
2025,0,0,0,0
2026,0,1,0,0
2027,0,0,1,0
2028,0,0,1,0
2029,0,0,1,0
2030,0,0,0,0
2031,0,0,0,0
2032,0,0,0,0
2033,0,1,0,0
2034,0,0,0,0
2035,0,0,0,0
2036,0,0,0,0
2037,0,0,1,0
2038,0,0,1,0
2039,0,0,1,0
2040,0,0,1,0
2041,0,0,0,0
2042,0,0,0,0
2043,0,0,0,0
2044,0,0,1,0
2045,0,0,1,0
2046,0,0,0,0
2047,0,0,0,0
2048,1,0,0,0
2049,0,0,0,0
2050,0,1,0,0
2051,1,0,0,0
2052,0,0,1,0
2053,0,1,0,0
2054,0,0,0,0
2055,0,0,0,0
2056,0,0,0,0
2057,0,0,1,0
2058,0,0,1,0
2059,0,0,0,0
2060,0,0,0,0
2061,0,0,0,0
2062,0,0,0,0
2063,0,0,0,0
2064,1,0,0,0
2065,0,0,0,0
2066,0,0,1,0
2067,0,0,0,0
2068,0,0,1,0
2069,0,0,0,0
2070,0,0,0,0
2071,0,1,0,0
2072,0,1,0,0
2073,0,0,0,0
2074,0,0,0,0
2075,0,0,0,0
2076,0,0,0,0
2077,0,0,0,0
2078,0,0,1,0
2079,0,0,0,0
2080,0,0,0,0
2081,0,0,0,0
2082,0,0,0,0
2083,0,0,0,0
2084,0,0,0,0
2085,0,0,0,0
2086,0,0,0,0
2087,0,0,1,0
2088,0,1,0,0
2089,0,1,0,0
2090,0,0,1,0
2091,0,0,0,0
2092,0,0,0,0
2093,0,0,0,0
2094,0,0,0,0
2095,0,0,0,0
2096,0,0,0,0
2097,0,0,0,0
2098,0,0,0,0
2099,0,0,0,0
2100,0,0,0,0
2101,0,0,1,0
2102,0,0,0,0
2103,0,0,0,0
2104,0,0,0,0
2105,0,0,0,0
2106,0,0,1,0
2107,0,1,0,0
2108,0,0,0,0
2109,0,0,0,0
2110,0,1,0,0
2111,0,0,0,0
2112,0,0,0,0
2113,0,0,0,0
2114,0,0,0,0
2115,0,0,0,0
2116,0,0,0,0
2117,0,0,0,0
2118,0,0,0,0
2119,0,0,0,0
2120,0,0,0,0
2121,0,0,0,0
2122,0,0,1,0
2123,0,0,0,0
2124,0,0,0,0
2125,0,0,0,0
2126,0,1,0,0
2127,0,0,0,0
2128,0,0,0,0
2129,0,0,0,0
2130,0,0,0,0
2131,0,0,0,0
2132,0,0,0,0
2133,0,0,0,0
2134,0,0,0,0
2135,0,0,0,0
2136,0,0,0,0
2137,0,0,0,0
2138,0,0,0,0
2139,0,0,0,0
2140,0,0,0,0
2141,0,0,0,0
2142,0,0,0,0
2143,0,0,0,0
2144,0,0,0,0
2145,0,0,0,0
2146,0,0,0,0
2147,0,1,0,0
2148,0,0,0,0
2149,0,0,0,0
2150,1,0,0,0
2151,1,0,0,0
2152,0,0,0,0
2153,0,0,0,0
2154,0,0,0,0
2155,0,0,0,0
2156,0,0,0,0
2157,0,0,0,0
2158,0,0,0,0
2159,0,0,0,0
2160,0,0,0,0
2161,0,0,0,0
2162,0,0,0,0
2163,0,0,0,0
2164,0,0,0,0
2165,0,0,0,0
2166,0,0,0,0
2167,0,0,0,0
2168,0,0,0,0
2169,0,0,0,0
2170,0,0,0,0
2171,0,0,0,0
2172,0,0,0,0
2173,0,0,0,0
2174,0,0,0,0
2175,0,0,0,0
2176,0,0,0,0
2177,0,0,0,0
2178,0,0,0,0
2179,0,0,0,0
2180,0,0,0,0
2181,0,0,0,0
2182,0,0,0,0
2183,0,0,0,0
2184,0,0,0,0
2185,0,0,0,0
2186,0,0,0,0
2187,0,0,0,0
2188,0,0,0,0
2189,0,0,0,0
2190,0,0,0,0
2191,0,0,0,0
2192,0,0,0,0
2193,0,0,0,0
2194,0,0,0,0
2195,0,0,0,0
2196,0,0,0,0
2197,0,0,0,0
2198,0,0,0,0
2199,0,0,0,0
2200,0,0,0,0
2201,0,0,0,0
2202,0,0,0,0
2203,0,0,0,0
2204,0,0,0,0
2205,0,0,0,0
2206,0,0,0,0
2207,0,0,0,0
2208,0,0,0,0
2209,0,0,0,0
2210,0,0,0,0
2211,0,0,0,0
2212,0,0,0,0
2213,0,0,0,0
2214,0,0,0,0
2215,0,0,0,0
2216,0,0,0,0
2217,0,0,0,0
2218,0,0,0,0
2219,0,0,0,0
2220,0,0,0,0
2221,0,0,0,0
2222,0,0,0,0
2223,0,0,0,0
2224,0,0,0,0
2225,0,0,0,0
2226,0,0,0,0
2227,0,0,0,0
2228,0,0,0,0
2229,0,0,0,0
2230,0,0,0,0
2231,0,0,0,0
2232,0,0,0,0
2233,0,0,0,0
2234,0,0,0,0
2235,0,0,0,0
2236,0,0,0,0
2237,0,0,0,0
2238,0,0,0,0
2239,0,0,0,0
2240,0,0,0,0
2241,0,0,0,0
2242,0,0,0,0
2243,0,0,0,0
2244,0,0,0,0
2245,0,0,0,0
2246,0,0,0,0
2247,0,0,0,0
2248,0,0,0,0
2249,0,0,0,0
2250,0,0,0,0
2251,0,0,0,0
2252,0,0,0,0
2253,0,0,0,0
2254,0,0,0,0
2255,0,0,0,0
2256,0,0,0,0
2257,0,0,0,0
2258,0,0,0,0
2259,0,0,0,0
2260,0,0,0,0
2261,0,0,0,0
2262,0,0,0,0
2263,0,0,0,0
2264,0,0,0,0
2265,0,0,0,0
2266,0,0,0,0
2267,0,0,0,0
2268,0,0,0,0
2269,0,0,0,0
2270,0,0,0,0
2271,0,0,0,0
2272,0,0,0,0
2273,0,0,0,0
2274,0,0,0,0
2275,0,0,0,0
2276,0,0,0,0
2277,0,0,0,0
2278,0,0,0,0
2279,0,0,0,0
2280,0,0,0,0
2281,0,0,0,0
2282,0,0,0,0
2283,0,0,0,0
2284,0,0,0,0
2285,0,0,0,0
2286,0,0,0,0
2287,0,0,0,0
2288,0,0,0,0
2289,0,0,0,0
2290,0,0,0,0
2291,0,0,0,0
2292,0,0,0,0
2293,0,0,0,0
2294,0,0,0,0
2295,0,0,0,0
2296,0,0,0,0
2297,0,0,0,0
2298,0,0,0,0
2299,0,0,0,0
2300,0,0,0,0
2301,0,0,0,0
2302,0,0,0,0
2303,0,0,0,0
2304,0,0,0,0
2305,0,0,0,0
2306,0,0,0,0
2307,0,0,0,0
2308,0,0,0,0
2309,0,0,0,0
2310,0,0,0,0
2311,0,0,0,0
2312,0,0,0,0
2313,0,0,0,0
2314,0,0,0,0
2315,0,0,0,0
2316,0,0,0,0
2317,0,0,0,0
2318,0,0,0,0
2319,0,0,0,0
2320,0,0,0,0
2321,0,0,0,0
2322,0,0,0,0
2323,0,0,0,0
2324,0,0,0,0
2325,0,0,0,0
2326,0,0,0,0
2327,0,0,0,0
2328,0,0,0,0
2329,0,0,0,0
2330,0,0,0,0
2331,0,0,0,0
2332,0,0,0,0
2333,0,0,0,0
2334,0,0,0,0
2335,0,0,0,0
2336,0,0,0,0
2337,0,0,0,0
2338,0,0,0,0
2339,0,0,0,0
2340,0,0,0,0
2341,0,0,0,0
2342,0,0,0,0
2343,0,0,0,0
2344,0,0,0,0
2345,0,0,0,0
2346,0,0,0,0
2347,0,0,0,0
2348,0,0,0,0
2349,0,0,0,0
2350,0,0,0,0
2351,0,0,0,0
2352,0,0,0,0
2353,0,0,0,0
2354,0,0,0,0
2355,0,0,0,0
2356,0,0,0,0
2357,0,0,0,0
2358,0,0,0,0
2359,0,0,0,0
2360,0,0,0,0
2361,0,0,0,0
2362,0,0,0,0
2363,0,0,0,0
2364,0,0,0,0
2365,0,0,0,0
2366,0,0,0,0
2367,0,0,0,0
2368,1,0,0,0
2369,0,0,0,0
2370,0,0,0,0
2371,0,0,0,0
2372,0,0,0,0
2373,0,0,0,0
2374,0,0,0,0
2375,0,0,0,0
2376,0,0,0,0
2377,0,0,0,0
2378,0,0,0,0
2379,0,0,0,0
2380,0,0,0,0
2381,0,0,0,0
2382,0,0,0,0
2383,0,0,0,0
2384,0,0,0,0
2385,0,0,0,0
2386,0,0,0,0
2387,0,0,0,0
2388,0,0,0,0
2389,0,1,0,0
2390,0,0,0,0
2391,0,1,0,0
2392,0,0,0,0
2393,0,0,0,0
2394,0,0,0,0
2395,0,0,0,0
2396,0,0,0,0
2397,0,0,0,0
2398,0,0,0,0
2399,0,0,0,0
2400,0,0,0,0
2401,0,0,0,0
2402,1,0,0,0
2403,0,0,0,0
2404,0,0,0,0
2405,0,0,0,0
2406,0,0,0,0
2407,0,0,0,0
2408,0,0,0,0
2409,0,0,0,0
2410,0,0,0,0
2411,0,0,0,0
2412,0,0,0,0
2413,0,0,0,0
2414,0,0,1,0
2415,0,0,0,0
2416,0,0,1,0
2417,0,1,0,0
2418,0,0,1,0
2419,0,0,0,0
2420,0,0,0,0
2421,0,0,0,0
2422,0,0,0,0
2423,0,0,0,0
2424,0,0,0,0
2425,0,0,0,0
2426,0,0,0,0
2427,0,0,0,0
2428,0,0,0,0
2429,0,0,0,0
2430,0,0,0,0
2431,0,0,0,0
2432,0,1,0,0
2433,0,0,0,0
2434,0,0,0,0
2435,0,0,0,0
2436,0,0,0,0
2437,0,0,0,0
2438,0,0,0,0
2439,0,0,0,0
2440,0,0,0,0
2441,0,0,0,0
2442,0,0,0,0
2443,0,0,0,0
2444,0,0,0,0
2445,0,0,0,0
2446,0,0,0,0
2447,0,0,0,0
2448,0,0,0,0
2449,0,0,0,0
2450,0,0,0,0
2451,0,0,0,0
2452,0,0,0,0
2453,0,0,0,0
2454,0,0,0,0
2455,0,0,0,0
2456,0,0,0,0
2457,0,0,0,0
2458,0,0,0,0
2459,0,0,0,0
2460,1,0,0,0
2461,0,0,0,0
2462,0,0,0,0
2463,0,0,0,0
2464,0,0,0,0
2465,0,0,0,0
2466,0,0,0,0
2467,0,0,0,0
2468,0,0,0,0
2469,0,0,0,0
2470,0,0,0,0
2471,0,0,0,0
2472,0,0,0,0
2473,0,0,0,0
2474,0,0,0,0
2475,0,0,0,0
2476,0,1,0,0
2477,0,0,0,0
2478,0,0,0,0
2479,0,0,0,0
2480,0,0,0,0
2481,0,0,0,0
2482,0,0,0,0
2483,0,0,0,0
2484,0,0,0,0
2485,0,0,0,0
2486,0,0,0,0
2487,0,0,0,0
2488,0,0,0,0
2489,0,0,0,0
2490,0,0,0,0
2491,0,0,0,0
2492,0,0,0,0
2493,0,0,0,0
2494,0,0,0,0
2495,0,0,0,0
2496,0,0,0,0
2497,0,0,0,0
2498,0,0,0,0
2499,0,0,0,0
2500,0,0,0,0
2501,0,0,0,0
2502,0,0,0,0
2503,0,0,0,0
2504,0,0,0,0
2505,0,0,0,0
2506,0,0,0,0
2507,0,0,0,0
2508,0,0,0,0
2509,0,0,0,0
2510,0,0,0,0
2511,0,0,0,0
2512,0,0,0,0
2513,0,0,0,0
2514,0,0,0,0
2515,0,0,0,0
2516,0,0,0,0
2517,0,0,0,0
2518,0,0,0,0
2519,0,0,0,0
2520,0,1,0,0
2521,0,0,0,0
2522,0,0,0,0
2523,0,0,0,0
2524,0,0,0,0
2525,0,0,0,0
2526,0,0,0,0
2527,0,0,0,0
2528,0,0,0,0
2529,0,0,0,0
2530,0,0,0,0
2531,0,0,0,0
2532,0,0,0,0
2533,0,0,0,0
2534,0,0,0,0
2535,0,0,0,0
2536,0,0,0,0
2537,0,0,0,0
2538,0,0,0,0
2539,0,0,0,0
2540,0,0,0,0
2541,0,0,0,0
2542,0,0,0,0
2543,0,0,0,0
2544,0,0,0,0
2545,0,0,0,0
2546,0,0,0,0
2547,0,0,0,0
2548,0,0,0,0
2549,0,0,0,0
2550,0,0,0,0
2551,0,0,0,0
2552,0,0,0,0
2553,0,0,0,0
2554,0,0,0,0
2555,0,0,0,0
2556,0,0,0,0
2557,0,0,0,0
2558,1,0,0,0
2559,0,0,0,0
2560,0,0,0,0
2561,0,0,0,0
2562,0,0,0,0
2563,0,0,0,0
2564,0,0,0,0
2565,0,0,0,0
2566,0,0,0,0
2567,0,0,0,0
2568,0,0,0,0
2569,0,0,0,0
2570,0,0,0,0
2571,0,0,0,0
2572,0,0,0,0
2573,0,0,0,0
2574,0,0,0,0
2575,0,0,0,0
2576,0,0,1,0
2577,0,0,0,0
2578,0,0,0,0
2579,0,0,0,0
2580,0,0,0,0
2581,0,0,0,0
2582,0,0,0,0
2583,0,0,0,0
2584,0,0,0,0
2585,0,0,0,0
2586,0,0,0,0
2587,0,0,0,0
2588,0,0,0,0
2589,0,0,1,0
2590,0,0,0,0
2591,0,0,0,0
2592,0,0,1,0
2593,0,0,0,0
2594,0,0,0,0
2595,0,0,0,0
2596,0,0,0,0
2597,0,0,0,0
2598,0,0,0,0
2599,0,0,0,0
2600,0,0,0,0
2601,0,0,0,0
2602,0,0,0,0
2603,0,0,0,0
2604,0,0,0,0
2605,0,0,0,0
2606,0,0,0,0
2607,0,0,0,0
2608,0,0,0,0
2609,0,0,0,0
2610,0,0,0,0
2611,0,0,0,0
2612,0,0,0,0
2613,0,0,0,0
2614,0,0,0,0
2615,0,0,0,0
2616,0,0,0,0
2617,0,0,0,0
2618,0,0,0,0
2619,0,0,0,0
2620,0,0,0,0
2621,0,0,0,0
2622,0,0,0,0
2623,0,0,0,0
2624,0,0,0,0
2625,0,0,0,0
2626,0,0,0,0
2627,0,0,0,0
2628,0,0,1,0
2629,0,0,0,0
2630,0,0,0,0
2631,0,0,0,0
2632,0,0,0,0
2633,0,0,0,0
2634,0,0,1,0
2635,0,0,0,0
2636,0,0,0,0
2637,1,0,0,0
2638,0,0,0,0
2639,0,0,0,0
2640,0,0,0,0
2641,0,0,0,0
2642,0,1,0,0
2643,0,0,0,0
2644,0,1,0,0
2645,0,0,0,0
2646,0,0,0,0
2647,0,0,0,0
2648,0,0,0,0
2649,0,0,0,0
2650,0,0,0,0
2651,0,0,0,0
2652,0,0,0,0
2653,0,0,0,0
2654,1,0,0,0
2655,0,0,0,0
2656,0,0,0,0
2657,0,0,1,0
2658,0,0,0,0
2659,0,1,0,0
2660,0,0,0,0
2661,0,0,0,0
2662,0,0,0,0
2663,0,0,0,0
2664,0,1,0,0
2665,0,0,0,0
2666,0,0,0,0
2667,0,0,0,0
2668,0,0,0,0
2669,0,1,0,0
2670,0,0,0,0
2671,0,0,0,0
2672,0,0,0,0
2673,0,0,0,0
2674,0,0,0,0
2675,0,0,0,0
2676,0,0,0,0
2677,0,1,0,0
2678,0,0,0,0
2679,0,1,0,0
2680,0,0,0,0
2681,0,0,0,0
2682,0,0,0,0
2683,0,0,0,0
2684,0,0,0,0
2685,0,0,0,0
2686,0,0,0,0
2687,0,0,0,0
2688,0,0,0,0
2689,0,0,0,0
2690,0,0,0,0
2691,0,0,0,0
2692,0,0,0,0
2693,0,0,0,0
2694,0,0,0,0
2695,0,0,0,0
2696,0,0,0,0
2697,0,0,0,0
2698,0,0,0,0
2699,0,0,0,0
2700,0,1,0,0
2701,0,0,0,0
2702,0,1,0,0
2703,0,0,0,0
2704,0,0,0,0
2705,0,0,0,0
2706,0,1,0,0
2707,0,1,0,0
2708,0,0,0,0
2709,0,0,0,0
2710,0,0,0,0
2711,0,1,0,0
2712,0,1,0,0
2713,0,0,0,0
2714,0,0,0,0
2715,0,1,0,0
2716,0,0,0,0
2717,0,0,0,0
2718,0,0,0,0
2719,0,0,0,0
2720,0,0,0,0
2721,0,0,0,0
2722,0,0,0,0
2723,0,0,0,0
2724,0,0,0,0
2725,0,0,0,0
2726,0,0,0,0
2727,0,0,0,0
2728,0,0,0,0
2729,0,0,0,0
2730,0,0,0,0
2731,0,0,0,0
2732,0,0,0,0
2733,0,0,0,0
2734,0,0,0,0
2735,0,1,0,0
2736,0,0,0,0
2737,0,1,0,0
2738,0,0,0,0
2739,0,0,0,0
2740,0,0,0,0
2741,0,1,0,0
2742,0,0,0,0
2743,0,0,0,0
2744,0,0,0,0
2745,1,0,0,0
2746,0,0,0,0
2747,0,0,0,0
2748,0,1,0,0
2749,0,1,0,0
2750,0,0,0,0
2751,0,1,0,0
2752,0,0,0,0
2753,0,1,0,0
2754,0,0,0,0
2755,0,0,0,0
2756,0,0,0,0
2757,0,0,0,0
2758,0,0,0,0
2759,0,0,0,0
2760,0,0,0,0
2761,0,0,0,0
2762,0,0,0,0
2763,0,0,0,0
2764,0,0,0,0
2765,0,1,0,0
2766,0,0,0,0
2767,0,0,0,0
2768,0,0,0,0
2769,0,0,0,0
2770,0,0,1,0
2771,0,0,0,0
2772,0,0,0,0
2773,0,0,0,0
2774,0,0,0,0
2775,0,0,0,0
2776,0,0,0,0
2777,0,0,0,0
2778,0,0,0,0
2779,0,1,0,0
2780,0,0,0,0
2781,0,1,0,0
2782,0,0,0,0
2783,0,0,0,0
2784,0,0,0,0
2785,0,0,0,0
2786,0,1,0,0
2787,0,0,0,0
2788,0,0,1,0
2789,0,0,0,0
2790,0,0,0,0
2791,0,0,0,0
2792,0,0,0,0
2793,0,0,0,0
2794,0,0,0,0
2795,0,0,0,0
2796,0,0,0,0
2797,0,1,0,0
2798,0,0,0,0
2799,0,0,0,0
2800,0,0,0,0
2801,0,0,0,0
2802,0,0,0,0
2803,0,0,0,0
2804,0,0,0,0
2805,0,1,0,0
2806,0,0,0,0
2807,0,0,0,0
2808,0,0,1,0
2809,0,0,0,0
2810,0,0,0,0
2811,0,0,0,0
2812,0,0,0,0
2813,0,0,1,0
2814,0,1,0,0
2815,0,0,0,0
2816,0,1,0,0
2817,0,0,0,0
2818,0,0,0,0
2819,0,0,0,0
2820,0,0,0,0
2821,0,0,0,0
2822,0,0,0,0
2823,0,0,0,0
2824,0,0,0,0
2825,0,0,0,0
2826,0,1,0,0
2827,0,0,1,0
2828,0,0,0,0
2829,0,0,0,0
2830,0,1,0,0
2831,0,0,0,0
2832,0,1,0,0
2833,0,0,0,0
2834,0,0,0,0
2835,0,0,0,0
2836,0,0,0,0
2837,0,0,0,0
2838,0,0,0,0
2839,0,0,0,0
2840,0,0,0,0
2841,0,0,0,0
2842,0,0,0,0
2843,0,0,1,0
2844,0,0,1,0
2845,0,0,0,0
2846,0,0,0,0
2847,0,0,0,0
2848,0,1,0,0
2849,0,0,0,0
2850,0,1,0,0
2851,0,0,0,0
2852,1,0,0,0
2853,0,0,0,0
2854,0,1,0,0
2855,0,0,0,0
2856,0,0,0,0
2857,0,0,0,0
2858,0,0,0,0
2859,0,0,0,0
2860,0,0,1,0
2861,0,1,0,0
2862,0,1,0,0
2863,0,0,0,0
2864,0,0,0,0
2865,0,1,0,0
2866,0,0,0,0
2867,0,0,0,0
2868,0,0,0,0
2869,0,0,0,0
2870,0,0,0,0
2871,0,1,0,0
2872,0,0,1,0
2873,0,0,0,0
2874,0,0,0,0
2875,0,0,0,0
2876,0,1,0,0
2877,0,0,0,0
2878,0,0,0,0
2879,0,1,0,0
2880,0,0,0,0
2881,1,0,0,0
2882,0,1,0,0
2883,0,0,1,0
2884,0,0,1,0
2885,1,0,0,0
2886,0,1,0,0
2887,0,0,0,0
2888,0,0,0,0
2889,0,0,0,0
2890,0,0,0,0
2891,0,1,0,0
2892,0,0,1,0
2893,0,1,0,0
2894,0,0,0,0
2895,0,0,0,0
2896,0,0,0,0
2897,0,0,0,0
2898,0,0,0,0
2899,0,0,1,0
2900,0,0,0,0
2901,0,0,0,0
2902,0,0,0,0
2903,0,1,0,0
2904,0,0,0,0
2905,0,0,0,0
2906,0,0,0,0
2907,0,1,0,0
2908,0,0,0,0
2909,0,0,0,0
2910,0,0,0,0
2911,0,0,0,0
2912,0,0,0,0
2913,0,0,0,0
2914,0,1,0,0
2915,0,0,0,0
2916,0,0,0,0
2917,0,0,0,0
2918,0,0,1,0
2919,0,0,0,0
2920,0,0,0,0
2921,0,0,0,0
2922,0,0,0,0
2923,0,1,0,0
2924,0,0,0,0
2925,0,0,0,0
2926,0,1,0,0
2927,0,0,0,0
2928,0,1,0,0
2929,0,1,0,0
2930,0,0,0,0
2931,0,0,0,0
2932,0,1,0,0
2933,0,1,0,0
2934,0,0,0,0
2935,1,0,0,0
2936,0,0,0,0
2937,0,0,0,0
2938,0,0,0,0
2939,0,0,1,0
2940,0,0,1,0
2941,0,0,0,0
2942,0,1,0,0
2943,0,0,0,0
2944,0,0,0,0
2945,0,1,0,0
2946,0,0,0,0
2947,0,0,0,0
2948,0,0,0,0
2949,0,0,0,0
2950,0,0,0,0
2951,0,0,0,0
2952,0,0,0,0
2953,0,0,0,0
2954,0,0,0,0
2955,0,1,0,0
2956,0,0,0,0
2957,0,0,0,0
2958,0,0,0,0
2959,0,0,0,0
2960,1,0,0,0
2961,0,0,0,0
2962,0,0,0,0
2963,0,0,0,0
2964,0,1,0,0
2965,0,0,0,0
2966,0,1,0,0
2967,0,1,0,0
2968,0,0,0,0
2969,0,0,0,0
2970,0,1,0,0
2971,0,1,0,0
2972,0,1,0,0
2973,0,0,0,0
2974,0,0,0,0
2975,0,0,1,0
2976,0,1,0,0
2977,0,1,0,0
2978,0,0,0,0
2979,0,0,0,0
2980,0,0,0,0
2981,0,0,0,0
2982,0,0,0,0
2983,0,1,0,0
2984,0,1,0,0
2985,0,0,0,0
2986,0,0,0,0
2987,0,1,0,0
2988,0,1,0,0
2989,0,1,0,0
2990,0,1,0,0
2991,0,1,0,0
2992,0,1,0,0
2993,0,0,0,0
2994,0,0,0,0
2995,0,0,0,0
2996,0,1,0,0
2997,0,1,0,0
2998,0,0,0,0
2999,0,1,0,0
3000,0,0,0,0
3001,0,0,0,0
3002,0,0,1,0
3003,0,0,0,0
3004,0,0,0,0
3005,0,0,0,0
3006,0,0,0,0
3007,0,0,0,0
3008,0,0,0,0
3009,0,0,0,0
3010,0,0,0,0
3011,0,0,0,0
3012,0,0,0,0
3013,0,0,0,0
3014,0,0,0,0
3015,0,0,0,0
3016,0,0,0,0
3017,0,0,0,0
3018,0,0,0,0
3019,0,0,0,0
3020,0,0,1,0
3021,0,0,0,0
3022,0,0,0,0
3023,0,0,0,0
3024,0,0,0,0
3025,0,0,0,0
3026,0,0,0,0
3027,0,0,0,0
3028,0,0,0,0
3029,0,0,0,0
3030,0,0,0,0
3031,0,0,0,0
3032,0,0,0,0
3033,1,0,0,0
3034,0,0,0,0
3035,0,0,0,0
3036,0,0,0,0
3037,0,0,0,0
3038,0,0,0,0
3039,0,0,0,0
3040,0,0,0,0
3041,0,0,0,0
3042,0,0,0,0
3043,0,0,0,0
3044,0,0,0,0
3045,0,0,0,0
3046,0,0,0,0
3047,0,0,0,0
3048,0,0,0,0
3049,1,0,0,0
3050,0,0,0,0
3051,0,0,0,0
3052,0,0,0,0
3053,0,0,0,0
3054,0,0,0,0
3055,0,0,0,0
3056,0,0,0,0
3057,1,0,0,0
3058,0,0,0,0
3059,0,0,0,0
3060,0,0,0,0
3061,0,0,0,0
3062,0,0,0,0
3063,0,1,0,0
3064,0,0,0,0
3065,0,0,0,0
3066,0,0,0,0
3067,1,0,0,0
3068,0,1,0,0
3069,0,0,0,0
3070,0,0,0,0
3071,0,0,0,0
3072,0,0,0,0
3073,0,0,0,0
3074,0,0,0,0
3075,0,0,0,0
3076,1,0,0,0
3077,0,0,0,0
3078,0,0,0,0
3079,1,0,0,0
3080,0,0,0,0
3081,0,0,0,0
3082,0,0,0,0
3083,0,0,0,0
3084,0,0,0,0
3085,0,0,0,0
3086,0,0,0,0
3087,0,0,0,0
3088,0,0,0,0
3089,0,0,0,0
3090,0,0,0,0
3091,0,0,0,0
3092,0,0,0,0
3093,0,0,0,0
3094,0,0,0,0
3095,0,0,0,0
3096,0,0,0,0
3097,0,0,0,0
3098,0,0,0,0
3099,0,0,0,0
3100,0,0,0,0
3101,0,0,0,0
3102,0,0,0,0
3103,0,0,0,0
3104,0,0,0,0
3105,0,0,0,0
3106,0,0,0,0
3107,0,0,0,0
3108,0,0,0,0
3109,0,0,0,0
3110,0,0,0,0
3111,0,0,0,0
3112,0,0,0,0
3113,0,0,0,0
3114,0,0,0,0
3115,0,1,0,0
3116,0,0,0,0
3117,0,0,0,0
3118,0,0,0,0
3119,0,0,0,0
3120,0,0,0,0
3121,0,0,0,0
3122,0,0,0,0
3123,0,0,0,0
3124,0,0,0,0
3125,0,0,0,0
3126,0,0,0,0
3127,0,0,0,0
3128,0,0,0,0
3129,0,0,0,0
3130,0,0,0,0
3131,0,0,0,0
3132,0,0,0,0
3133,0,0,0,0
3134,0,0,0,0
3135,0,0,0,0
3136,0,0,0,0
3137,0,0,0,0
3138,0,0,0,0
3139,0,0,0,0
3140,0,0,0,0
3141,0,0,0,0
3142,0,0,0,0
3143,0,0,0,0
3144,0,0,0,0
3145,0,0,0,0
3146,0,0,0,0
3147,0,0,0,0
3148,0,0,0,0
3149,0,0,0,0
3150,0,0,0,0
3151,0,0,0,0
3152,0,0,0,0
3153,0,0,0,0
3154,0,1,0,0
3155,0,0,0,0
3156,0,0,0,0
3157,0,0,0,0
3158,0,0,0,0
3159,0,0,0,0
3160,0,0,0,0
3161,0,0,0,0
3162,0,0,0,0
3163,0,0,0,0
3164,0,0,0,0
3165,0,0,0,0
3166,0,0,0,0
3167,0,0,0,0
3168,0,0,0,0
3169,0,0,0,0
3170,0,0,0,0
3171,0,0,0,0
3172,0,0,0,0
3173,0,0,0,0
3174,0,0,0,0
3175,0,0,0,0
3176,0,0,0,0
3177,0,0,0,0
3178,0,0,0,0
3179,0,0,0,0
3180,0,0,0,0
3181,0,0,0,0
3182,0,0,0,0
3183,0,0,0,0
3184,0,0,0,0
3185,0,0,0,0
3186,1,0,0,0
3187,0,0,0,0
3188,0,0,0,0
3189,0,0,0,0
3190,0,0,0,0
3191,0,0,0,0
3192,0,0,0,0
3193,0,0,0,0
3194,0,0,0,0
3195,0,0,0,0
3196,0,0,0,0
3197,0,0,0,0
3198,0,0,0,0
3199,0,0,0,0
3200,0,0,0,0
3201,0,0,0,0
3202,0,0,0,0
3203,0,0,0,0
3204,0,0,0,0
3205,0,0,0,0
3206,0,0,0,0
3207,0,0,0,0
3208,0,0,0,0
3209,1,0,0,0
3210,0,0,0,0
3211,0,0,0,0
3212,0,0,0,0
3213,0,0,0,0
3214,0,0,0,0
3215,0,0,0,0
3216,0,0,0,0
3217,0,0,0,0
3218,0,0,0,0
3219,0,0,0,0
3220,0,0,0,0
3221,0,0,0,0
3222,0,0,0,0
3223,0,0,0,0
3224,0,0,0,0
3225,0,0,0,0
3226,0,0,0,0
3227,0,0,0,0
3228,0,0,0,0
3229,0,0,0,0
3230,0,0,0,0
3231,0,1,0,0
3232,0,0,0,0
3233,0,0,0,0
3234,0,0,0,0
3235,0,0,0,0
3236,0,0,0,0
3237,0,0,0,0
3238,0,0,0,0
3239,0,0,0,0
3240,1,0,0,0
3241,0,0,0,0
3242,0,0,0,0
3243,0,0,0,0
3244,0,0,0,0
3245,0,0,0,0
3246,0,0,0,0
3247,0,0,0,0
3248,0,0,0,0
3249,0,0,0,0
3250,1,0,0,0
3251,0,0,0,0
3252,0,0,0,0
3253,0,0,0,0
3254,0,0,0,0
3255,0,0,0,0
3256,0,0,0,0
3257,0,0,0,0
3258,0,0,0,0
3259,0,0,0,0
3260,0,0,0,0
3261,0,0,0,0
3262,0,0,0,0
3263,0,0,0,0
3264,0,0,0,0
3265,0,0,0,0
3266,0,0,0,0
3267,0,0,0,0
3268,0,1,0,0
3269,0,0,0,0
3270,0,1,0,0
3271,0,0,1,0
3272,0,0,0,0
3273,0,0,0,0
3274,0,0,0,0
3275,0,0,0,0
3276,0,1,0,0
3277,0,0,0,0
3278,0,1,0,0
3279,1,0,0,0
3280,0,1,0,0
3281,0,0,0,0
3282,1,0,0,0
3283,0,0,0,0
3284,0,0,0,0
3285,1,0,0,0
3286,1,0,0,0
3287,0,0,0,0
3288,0,0,0,0
3289,1,0,0,0
3290,0,0,0,0
3291,0,0,0,0
3292,1,0,0,0
3293,0,0,0,0
3294,0,0,0,0
3295,0,1,0,0
3296,0,0,0,0
3297,0,0,0,0
3298,1,0,0,0
3299,0,0,0,0
3300,0,0,0,0
3301,0,0,0,0
3302,0,0,0,0
3303,0,0,0,0
3304,0,0,0,0
3305,0,0,0,0
3306,0,0,1,0
3307,0,1,0,0
3308,0,0,0,0
3309,0,0,0,0
3310,0,0,0,0
3311,0,0,0,0
3312,0,0,1,0
3313,0,0,0,0
3314,0,0,0,0
3315,0,0,0,0
3316,0,0,1,0
3317,1,0,0,0
3318,0,0,0,0
3319,0,0,0,0
3320,0,0,0,0
3321,0,1,0,0
3322,0,0,0,0
3323,0,0,1,0
3324,0,1,0,0
3325,0,0,1,0
3326,0,0,1,0
3327,1,0,0,0
3328,0,0,0,0
3329,1,0,0,0
3330,1,0,0,0
3331,0,1,0,0
3332,0,0,0,0
3333,0,0,0,0
3334,0,0,0,0
3335,0,0,0,0
3336,0,0,0,0
3337,1,0,0,0
3338,0,0,0,0
3339,0,0,0,0
3340,0,0,0,0
3341,0,0,0,0
3342,1,0,0,0
3343,0,0,1,0
3344,0,0,0,0
3345,0,0,0,0
3346,0,1,0,0
3347,0,0,0,0
3348,0,0,0,0
3349,0,0,0,0
3350,0,0,0,0
3351,0,0,0,0
3352,0,0,0,0
3353,0,0,0,0
3354,1,0,0,0
3355,1,0,0,0
3356,0,0,1,0
3357,0,0,0,0
3358,0,0,1,0
3359,0,0,0,0
3360,0,0,0,0
3361,0,0,1,0
3362,0,0,0,0
3363,0,0,0,0
3364,0,0,1,0
3365,0,0,0,0
3366,0,0,0,0
3367,0,0,0,0
3368,0,0,0,0
3369,0,0,0,0
3370,0,0,0,0
3371,0,0,1,0
3372,0,0,1,0
3373,0,0,0,0
3374,0,0,0,0
3375,0,0,0,0
3376,0,0,0,0
3377,1,0,0,0
3378,0,0,1,0
3379,0,0,0,0
3380,0,0,0,0
3381,0,1,0,0
3382,1,0,0,0
3383,0,0,0,0
3384,0,0,1,0
3385,0,1,0,0
3386,0,0,1,0
3387,0,0,1,0
3388,0,0,0,0
3389,0,0,0,0
3390,0,0,0,0
3391,0,0,0,0
3392,0,0,0,0
3393,0,0,0,0
3394,0,1,0,0
3395,0,0,0,0
3396,0,0,0,0
3397,0,0,0,0
3398,0,0,1,0
3399,0,0,0,0
3400,0,0,0,0
3401,0,0,0,0
3402,0,1,0,0
3403,0,0,0,0
3404,0,0,0,0
3405,0,0,0,0
3406,0,0,0,0
3407,0,0,0,0
3408,0,0,0,0
3409,0,0,0,0
3410,0,0,0,0
3411,0,0,0,0
3412,0,0,0,0
3413,0,0,1,0
3414,0,0,0,0
3415,0,0,0,0
3416,0,0,0,0
3417,0,0,0,0
3418,0,0,0,0
3419,0,0,0,0
3420,0,0,0,0
3421,0,0,0,0
3422,0,0,0,0
3423,0,0,0,0
3424,0,0,0,0
3425,0,0,0,0
3426,0,0,0,0
3427,0,0,0,0
3428,0,0,0,0
3429,0,0,0,0
3430,0,0,0,0
3431,0,0,0,0
3432,0,0,0,0
3433,0,0,0,0
3434,0,0,0,0
3435,0,0,0,0
3436,0,0,0,0
3437,0,0,0,0
3438,0,0,0,0
3439,0,0,0,0
3440,0,0,0,0
3441,0,0,0,0
3442,0,0,0,0
3443,0,0,0,0
3444,0,0,0,0
3445,0,0,0,0
3446,0,0,0,0
3447,0,0,0,0
3448,0,0,0,0
3449,0,0,0,0
3450,0,0,0,0
3451,0,0,0,0
3452,0,0,0,0
3453,0,0,0,0
3454,0,0,0,0
3455,0,0,0,0
3456,0,0,0,0
3457,0,0,0,0
3458,0,0,0,0
3459,0,0,0,0
3460,0,0,0,0
3461,0,0,0,0
3462,0,0,0,0
3463,0,0,0,0
3464,0,0,0,0
3465,0,0,0,0
3466,0,0,0,0
3467,0,0,0,0
3468,0,0,0,0
3469,0,0,0,0
3470,0,0,0,0
3471,0,0,0,0
3472,0,0,0,0
3473,0,0,0,0
3474,0,0,0,0
3475,0,0,0,0
3476,0,0,0,0
3477,0,0,0,0
3478,0,0,0,0
3479,0,0,0,0
3480,0,0,0,0
3481,0,0,0,0
3482,0,0,0,0
3483,0,0,0,0
3484,0,0,0,0
3485,0,0,0,0
3486,0,0,0,0
3487,0,0,0,0
3488,0,0,0,0
3489,0,0,0,0
3490,0,0,0,0
3491,0,0,0,0
3492,0,0,0,0
3493,0,0,0,0
3494,0,0,0,0
3495,0,0,0,0
3496,0,0,0,0
3497,0,0,0,0
3498,0,0,0,0
3499,0,0,0,0
3500,0,0,0,0
3501,1,1,1,1
3502,1,1,1,1
3503,1,1,1,1
3504,1,1,1,1
3505,1,1,1,1
3506,1,1,1,1
3507,1,1,1,1
3508,1,1,1,1
3509,1,1,1,1
3510,1,1,1,1
3511,1,1,1,1
3512,1,1,1,1
3513,1,1,1,1
3514,1,1,1,1
3515,1,1,1,1
3516,1,1,1,1
3517,1,1,1,1
3518,1,1,1,1
3519,1,1,1,1
3520,1,1,1,1
3521,1,1,1,1
3522,1,1,1,1
3523,1,1,1,1
3524,1,1,1,1
3525,1,1,1,1
3526,1,1,1,1
3527,1,1,1,1
3528,1,1,1,1
3529,1,1,1,1
3530,1,1,1,1
3531,1,1,1,1
3532,1,1,1,1
3533,1,1,1,1
3534,1,1,1,1
3535,1,1,1,1
3536,1,1,1,1
3537,1,1,1,1
3538,1,1,1,1
3539,1,1,1,1
3540,1,1,1,1
3541,1,1,1,1
3542,1,1,1,1
3543,1,1,1,1
3544,1,1,1,1
3545,1,1,1,1
3546,1,1,1,1
3547,1,1,1,1
3548,1,1,1,1
3549,1,1,1,1
3550,1,1,1,1
3551,1,1,1,1
3552,1,1,1,1
3553,1,1,1,1
3554,1,1,1,1
3555,1,1,1,1
3556,1,1,1,1
3557,1,1,1,1
3558,1,1,1,1
3559,1,1,1,1
3560,1,1,1,1
3561,1,1,1,1
3562,1,1,1,1
3563,1,1,1,1
3564,1,1,1,1
3565,1,1,1,1
3566,1,1,1,1
3567,1,1,1,1
3568,1,1,1,1
3569,1,1,1,1
3570,1,1,1,1
3571,1,1,1,1
3572,1,1,1,1
3573,1,1,1,1
3574,1,1,1,1
3575,1,1,1,1
3576,1,1,1,1
3577,1,1,1,1
3578,1,1,1,1
3579,1,1,1,1
3580,1,1,1,1
3581,1,1,1,1
3582,1,1,1,1
3583,1,1,1,1
3584,1,1,1,1
3585,1,1,1,1
3586,1,1,1,1
3587,1,1,1,1
3588,1,1,1,1
3589,1,1,1,1
3590,1,1,1,1
3591,1,1,1,1
3592,1,1,1,1
3593,1,1,1,1
3594,1,1,1,1
3595,1,1,1,1
3596,1,1,1,1
3597,1,1,1,1
3598,1,1,1,1
3599,1,1,1,1
3600,1,1,1,1
3601,1,1,1,1
3602,1,1,1,1
3603,1,1,1,1
3604,1,1,1,1
3605,1,1,1,1
3606,1,1,1,1
3607,1,1,1,1
3608,1,1,1,1
3609,1,1,1,1
3610,1,1,1,1
3611,1,1,1,1
3612,1,1,1,1
3613,1,1,1,1
3614,1,1,1,1
3615,1,1,1,1
3616,1,1,1,1
3617,1,1,1,1
3618,1,1,1,1
3619,1,1,1,1
3620,1,1,1,1
3621,1,1,1,1
3622,1,1,1,1
3623,1,1,1,1
3624,1,1,1,1
3625,1,1,1,1
3626,1,1,1,1
3627,1,1,1,1
3628,1,1,1,1
3629,1,1,1,1
3630,1,1,1,1
3631,1,1,1,1
3632,1,1,1,1
3633,1,1,1,1
3634,1,1,1,1
3635,1,1,1,1
3636,1,1,1,1
3637,1,1,1,1
3638,1,1,1,1
3639,1,1,1,1
3640,1,1,1,1
3641,1,1,1,1
3642,1,1,1,1
3643,1,1,1,1
3644,1,1,1,1
3645,1,1,1,1
3646,1,1,1,1
3647,1,1,1,1
3648,1,1,1,1
3649,1,1,1,1
3650,1,1,1,1
3651,1,1,1,1
3652,1,1,1,1
3653,1,1,1,1
3654,1,1,1,1
3655,1,1,1,1
3656,1,1,1,1
3657,1,1,1,1
3658,1,1,1,1
3659,1,1,1,1
3660,1,1,1,1
3661,1,1,1,1
3662,1,1,1,1
3663,1,1,1,1
3664,1,1,1,1
3665,1,1,1,1
3666,1,1,1,1
3667,1,1,1,1
3668,1,1,1,1
3669,1,1,1,1
3670,1,1,1,1
3671,1,1,1,1
3672,1,1,1,1
3673,1,1,1,1
3674,1,1,1,1
3675,1,1,1,1
3676,1,1,1,1
3677,1,1,1,1
3678,1,1,1,1
3679,1,1,1,1
3680,1,1,1,1
3681,1,1,1,1
3682,1,1,1,1
3683,1,1,1,1
3684,1,1,1,1
3685,1,1,1,1
3686,1,1,1,1
3687,1,1,1,1
3688,1,1,1,1
3689,1,1,1,1
3690,1,1,1,1
3691,1,1,1,1
3692,1,1,1,1
3693,1,1,1,1
3694,1,1,1,1
3695,1,1,1,1
3696,1,1,1,1
3697,1,1,1,1
3698,1,1,1,1
3699,1,1,1,1
3700,1,1,1,1
3701,1,1,1,1
3702,1,1,1,1
3703,1,1,1,1
3704,1,1,1,1
3705,1,1,1,1
3706,1,1,1,1
3707,1,1,1,1
3708,1,1,1,1
3709,1,1,1,1
3710,1,1,1,1
3711,1,1,1,1
3712,1,1,1,1
3713,1,1,1,1
3714,1,1,1,1
3715,1,1,1,1
3716,1,1,1,1
3717,1,1,1,1
3718,1,1,1,1
3719,1,1,1,1
3720,1,1,1,1
3721,1,1,1,1
3722,1,1,1,1
3723,1,1,1,1
3724,1,1,1,1
3725,1,1,1,1
3726,1,1,1,1
3727,1,1,1,1
3728,1,1,1,1
3729,1,1,1,1
3730,1,1,1,1
3731,1,1,1,1
3732,1,1,1,1
3733,1,1,1,1
3734,1,1,1,1
3735,1,1,1,1
3736,1,1,1,1
3737,1,1,1,1
3738,1,1,1,1
3739,1,1,1,1
3740,1,1,1,1
3741,1,1,1,1
3742,1,1,1,1
3743,1,1,1,1
3744,1,1,1,1
3745,1,1,1,1
3746,1,1,1,1
3747,1,1,1,1
3748,1,1,1,1
3749,1,1,1,1
3750,1,1,1,1
3751,1,1,1,1
3752,1,1,1,1
3753,1,1,1,1
3754,1,1,1,1
3755,1,1,1,1
3756,1,1,1,1
3757,1,1,1,1
3758,1,1,1,1
3759,1,1,1,1
3760,1,1,1,1
3761,1,1,1,1
3762,1,1,1,1
3763,1,1,1,1
3764,1,1,1,1
3765,1,1,1,1
3766,1,1,1,1
3767,1,1,1,1
3768,1,1,1,1
3769,1,1,1,1
3770,1,1,1,1
3771,1,1,1,1
3772,1,1,1,1
3773,1,1,1,1
3774,1,1,1,1
3775,1,1,1,1
3776,1,1,1,1
3777,1,1,1,1
3778,1,1,1,1
3779,1,1,1,1
3780,1,1,1,1
3781,1,1,1,1
3782,1,1,1,1
3783,1,1,1,1
3784,1,1,1,1
3785,1,1,1,1
3786,1,1,1,1
3787,1,1,1,1
3788,1,1,1,1
3789,1,1,1,1
3790,1,1,1,1
3791,1,1,1,1
3792,1,1,1,1
3793,1,1,1,1
3794,1,1,1,1
3795,1,1,1,1
3796,1,1,0,1
3797,1,1,1,1
3798,1,1,1,1
3799,1,0,1,1
3800,1,1,1,1
3801,1,1,1,1
3802,1,1,1,1
3803,1,1,1,1
3804,1,1,1,1
3805,1,1,1,1
3806,1,1,1,1
3807,1,1,1,1
3808,1,1,1,1
3809,1,1,1,1
3810,1,1,1,1
3811,1,1,1,1
3812,1,1,1,1
3813,1,1,1,1
3814,1,1,1,1
3815,1,1,1,1
3816,1,1,1,1
3817,1,1,1,1
3818,1,1,1,1
3819,1,1,1,1
3820,1,1,1,1
3821,1,1,1,1
3822,1,1,1,1
3823,1,1,1,1
3824,1,1,0,1
3825,1,1,1,1
3826,1,1,1,1
3827,1,1,1,1
3828,0,1,1,1
3829,1,1,1,1
3830,1,1,1,1
3831,1,1,1,1
3832,1,1,1,1
3833,1,0,1,1
3834,1,1,1,1
3835,1,1,1,1
3836,1,1,1,1
3837,1,1,1,1
3838,1,1,1,1
3839,1,1,1,1
3840,1,1,1,1
3841,0,1,1,1
3842,1,1,1,1
3843,1,1,1,1
3844,1,1,1,1
3845,1,0,1,1
3846,1,0,1,1
3847,1,1,1,1
3848,1,1,1,1
3849,1,0,1,1
3850,1,0,1,1
3851,1,0,1,1
3852,0,1,1,1
3853,1,0,1,1
3854,1,0,1,1
3855,1,1,1,1
3856,1,1,1,1
3857,1,0,1,1
3858,1,1,0,1
3859,1,1,1,1
3860,1,1,1,1
3861,1,0,1,1
3862,1,0,1,1
3863,1,1,1,1
3864,1,0,1,1
3865,1,1,1,1
3866,1,1,1,1
3867,1,1,1,1
3868,1,1,1,1
3869,1,0,1,1
3870,1,0,1,1
3871,1,0,1,1
3872,1,0,1,1
3873,1,0,1,1
3874,1,1,1,1
3875,1,1,1,1
3876,1,0,1,1
3877,1,1,1,1
3878,1,1,1,1
3879,1,1,1,1
3880,1,1,1,1
3881,1,1,1,1
3882,1,1,1,1
3883,1,1,1,1
3884,1,1,1,1
3885,1,1,1,1
3886,1,0,1,1
3887,1,0,1,1
3888,1,1,0,1
3889,1,1,1,1
3890,1,1,0,1
3891,1,1,1,1
3892,1,0,1,1
3893,1,1,1,1
3894,1,1,1,1
3895,1,1,0,1
3896,1,1,1,1
3897,1,1,1,1
3898,1,1,0,1
3899,1,1,0,1
3900,1,1,1,1
3901,1,0,1,1
3902,1,0,1,1
3903,1,1,1,1
3904,1,0,1,1
3905,1,1,1,1
3906,1,1,1,1
3907,1,1,0,1
3908,1,0,1,1
3909,1,1,1,1
3910,1,1,1,1
3911,1,0,1,1
3912,1,1,1,1
3913,1,1,1,1
3914,1,0,1,1
3915,1,1,1,1
3916,1,1,1,1
3917,1,1,1,1
3918,1,1,1,1
3919,1,0,1,1
3920,1,0,1,1
3921,1,0,1,1
3922,1,0,1,1
3923,1,0,1,1
3924,1,1,1,1
3925,1,0,1,1
3926,1,1,1,1
3927,1,1,0,1
3928,1,1,1,1
3929,1,1,1,1
3930,1,1,1,1
3931,1,1,1,1
3932,1,1,1,1
3933,1,1,1,1
3934,1,1,1,1
3935,1,1,1,1
3936,1,0,1,1
3937,1,1,1,1
3938,1,0,1,1
3939,1,0,1,1
3940,1,1,0,1
3941,1,0,1,1
3942,1,1,1,1
3943,1,1,1,1
3944,1,0,1,1
3945,1,1,1,1
3946,1,0,1,1
3947,1,0,1,1
3948,1,0,1,1
3949,1,0,1,1
3950,1,1,1,1
3951,1,1,1,1
3952,1,1,1,1
3953,1,0,1,1
3954,1,1,1,1
3955,1,0,1,1
3956,1,1,1,1
3957,1,1,1,1
3958,1,1,1,1
3959,1,0,1,1
3960,1,1,1,1
3961,1,1,1,1
3962,1,1,1,1
3963,1,1,1,1
3964,1,1,1,1
3965,1,1,1,1
3966,0,1,1,1
3967,1,1,1,1
3968,1,0,1,1
3969,1,1,1,1
3970,1,1,1,1
3971,1,1,1,1
3972,1,0,1,1
3973,1,0,1,1
3974,1,1,1,1
3975,1,0,1,1
3976,1,0,1,1
3977,1,0,1,1
3978,1,1,1,1
3979,1,1,1,1
3980,1,0,1,1
3981,1,1,1,1
3982,1,0,1,1
3983,1,1,1,1
3984,1,0,1,1
3985,1,1,1,1
3986,1,0,1,1
3987,1,1,1,1
3988,1,0,1,1
3989,1,0,1,1
3990,1,0,1,1
3991,1,0,1,1
3992,1,0,1,1
3993,1,1,1,1
3994,1,0,1,1
3995,1,1,1,1
3996,1,1,1,1
3997,1,1,1,1
3998,1,1,1,1
3999,1,1,0,1
4000,1,0,1,1
4001,1,0,1,1
4002,1,1,1,1
4003,1,1,1,1
4004,1,1,1,1
4005,1,1,1,1
4006,1,1,1,1
4007,1,0,1,1
4008,1,1,1,1
4009,1,0,1,1
4010,1,0,1,1
4011,1,0,1,1
4012,1,0,1,1
4013,1,0,1,1
4014,1,1,1,1
4015,1,1,1,1
4016,1,1,1,1
4017,1,1,1,1
4018,1,1,1,1
4019,1,0,1,1
4020,1,1,1,1
4021,1,1,1,1
4022,1,0,1,1
4023,1,1,1,1
4024,1,1,1,1
4025,1,1,1,1
4026,1,1,1,1
4027,1,1,1,1
4028,1,0,1,1
4029,1,0,1,1
4030,1,0,1,1
4031,1,0,1,1
4032,1,0,1,1
4033,1,0,1,1
4034,1,1,1,1
4035,1,1,1,1
4036,1,1,1,1
4037,1,0,1,1
4038,1,1,1,1
4039,1,1,1,1
4040,1,1,1,1
4041,1,0,1,1
4042,1,0,1,1
4043,1,0,1,1
4044,0,1,1,1
4045,1,0,1,1
4046,1,1,1,1
4047,1,1,1,1
4048,1,1,1,1
4049,1,0,1,1
4050,1,0,1,1
4051,1,0,1,1
4052,1,1,1,1
4053,1,1,1,1
4054,1,1,1,1
4055,1,1,1,1
4056,1,0,1,1
4057,1,0,1,1
4058,1,0,1,1
4059,1,1,1,1
4060,1,1,1,1
4061,1,0,1,1
4062,1,0,1,1
4063,1,1,1,1
4064,1,0,1,1
4065,1,1,1,1
4066,1,1,1,1
4067,1,0,1,1
4068,1,1,1,1
4069,1,1,1,1
4070,1,1,1,1
4071,1,0,1,1
4072,1,1,1,1
4073,1,1,1,1
4074,1,1,1,1
4075,1,1,1,1
4076,1,1,1,1
4077,1,1,1,1
4078,1,1,1,1
4079,1,1,1,1
4080,1,1,1,1
4081,0,1,1,1
4082,1,1,1,1
4083,1,1,0,1
4084,1,1,1,1
4085,1,0,1,1
4086,1,1,1,1
4087,1,1,1,1
4088,1,1,1,1
4089,1,1,1,1
4090,1,1,1,1
4091,1,1,1,1
4092,1,1,1,1
4093,1,1,1,1
4094,1,0,1,1
4095,1,1,1,1
4096,1,0,1,1
4097,1,1,1,1
4098,1,1,1,1
4099,1,1,1,1
4100,1,1,1,1
4101,1,1,1,1
4102,0,1,1,1
4103,1,0,1,1
4104,1,0,1,1
4105,1,1,1,1
4106,1,1,1,1
4107,1,1,1,1
4108,1,0,1,1
4109,1,1,1,1
4110,1,0,1,1
4111,0,1,1,1
4112,1,1,1,1
4113,1,0,1,1
4114,0,1,1,1
4115,1,1,1,1
4116,1,1,1,1
4117,1,1,1,1
4118,1,1,1,1
4119,1,1,1,1
4120,1,1,1,1
4121,1,1,1,1
4122,1,0,1,1
4123,1,1,1,1
4124,1,1,1,1
4125,1,1,1,1
4126,1,0,1,1
4127,1,1,1,1
4128,1,1,1,1
4129,1,1,1,1
4130,1,1,1,1
4131,1,1,1,1
4132,1,1,1,1
4133,0,1,1,1
4134,0,1,1,1
4135,1,1,1,1
4136,0,1,1,1
4137,1,1,1,1
4138,1,1,1,1
4139,1,1,1,1
4140,1,1,1,1
4141,1,1,1,1
4142,1,1,1,1
4143,1,1,1,1
4144,1,1,1,1
4145,1,1,1,1
4146,1,0,1,1
4147,1,0,1,1
4148,1,0,1,1
4149,1,1,1,1
4150,1,1,1,1
4151,1,1,1,1
4152,1,1,0,1
4153,1,0,1,1
4154,1,0,1,1
4155,1,0,1,1
4156,1,1,1,1
4157,1,0,1,1
4158,1,0,1,1
4159,1,1,1,1
4160,1,0,1,1
4161,1,1,1,1
4162,1,1,1,1
4163,1,0,1,1
4164,1,1,1,1
4165,1,1,0,1
4166,1,1,1,1
4167,0,1,1,1
4168,1,1,1,1
4169,1,0,1,1
4170,1,1,1,1
4171,1,1,1,1
4172,1,1,1,1
4173,1,1,1,1
4174,1,0,1,1
4175,1,0,1,1
4176,1,0,1,1
4177,1,0,1,1
4178,1,1,1,1
4179,1,1,0,1
4180,1,0,1,1
4181,1,0,1,1
4182,1,0,1,1
4183,1,1,1,1
4184,1,1,0,1
4185,1,1,1,1
4186,1,1,1,1
4187,1,1,1,1
4188,1,0,1,1
4189,1,0,1,1
4190,1,1,1,1
4191,1,1,1,1
4192,1,1,1,1
4193,1,1,0,1
4194,1,1,1,1
4195,1,1,1,1
4196,1,1,1,1
4197,1,1,1,1
4198,1,0,1,1
4199,1,1,0,1
4200,1,1,1,1
4201,1,1,1,1
4202,1,1,1,1
4203,1,1,1,1
4204,1,0,1,1
4205,1,1,1,1
4206,1,1,0,1
4207,1,1,1,1
4208,1,1,1,1
4209,1,1,1,1
4210,1,1,1,1
4211,1,1,1,1
4212,1,0,1,1
4213,1,1,1,1
4214,1,0,1,1
4215,1,1,1,1
4216,1,1,1,1
4217,1,1,1,1
4218,1,0,1,1
4219,1,1,1,1
4220,1,1,1,1
4221,1,1,1,1
4222,1,1,1,1
4223,1,1,1,1
4224,1,0,1,1
4225,1,1,1,1
4226,1,0,1,1
4227,1,0,1,1
4228,1,1,1,1
4229,1,1,1,1
4230,1,0,1,1
4231,1,1,1,1
4232,1,1,1,1
4233,1,0,1,1
4234,1,0,1,1
4235,0,1,1,1
4236,1,0,1,1
4237,1,0,1,1
4238,1,1,1,1
4239,1,1,1,1
4240,1,1,1,1
4241,1,1,0,1
4242,1,0,1,1
4243,1,1,1,1
4244,1,0,1,1
4245,1,1,1,1
4246,1,1,1,1
4247,1,1,1,1
4248,1,1,1,1
4249,1,1,0,1
4250,1,1,1,1
4251,1,1,1,1
4252,1,1,1,1
4253,1,1,1,1
4254,0,1,1,1
4255,1,0,1,1
4256,1,0,1,1
4257,1,1,1,1
4258,1,1,1,1
4259,1,1,0,1
4260,1,1,1,1
4261,1,1,0,1
4262,1,1,0,1
4263,0,1,1,1
4264,1,1,1,1
4265,1,1,1,1
4266,1,1,1,1
4267,1,1,1,1
4268,1,0,1,1
4269,1,1,1,1
4270,1,0,1,1
4271,1,1,1,1
4272,1,1,1,1
4273,1,0,1,1
4274,1,1,0,1
4275,1,1,1,1
4276,0,1,1,1
4277,1,0,1,1
4278,1,0,1,1
4279,1,1,1,1
4280,1,1,1,1
4281,1,1,0,1
4282,1,1,1,1
4283,1,1,1,1
4284,1,1,1,1
4285,1,1,1,1
4286,1,0,1,1
4287,1,0,1,1
4288,1,0,1,1
4289,1,1,0,1
4290,0,1,1,1
4291,1,1,1,1
4292,1,1,1,1
4293,1,1,0,1
4294,1,1,1,1
4295,1,1,0,1
4296,1,1,0,1
4297,1,1,0,1
4298,1,1,1,1
4299,1,1,1,1
4300,1,1,1,1
4301,1,1,1,1
4302,1,1,0,1
4303,1,1,0,1
4304,1,1,1,1
4305,1,1,1,1
4306,1,1,0,1
4307,1,1,0,1
4308,1,1,0,1
4309,1,1,0,1
4310,1,0,1,1
4311,1,1,1,1
4312,1,0,1,1
4313,1,1,1,1
4314,1,1,1,1
4315,1,1,1,1
4316,1,0,1,1
4317,1,0,1,1
4318,1,1,1,1
4319,1,1,0,1
4320,1,1,0,1
4321,1,1,1,1
4322,1,1,0,1
4323,1,0,1,1
4324,1,1,0,1
4325,1,1,0,1
4326,1,1,1,1
4327,1,1,1,1
4328,1,1,1,1
4329,1,1,1,1
4330,1,1,1,1
4331,1,1,1,1
4332,1,1,1,1
4333,1,1,1,1
4334,1,1,1,1
4335,1,1,0,1
4336,1,1,1,1
4337,1,1,1,1
4338,1,1,1,1
4339,1,1,1,1
4340,1,1,1,1
4341,1,0,1,1
4342,1,1,1,1
4343,1,1,1,1
4344,1,1,1,1
4345,1,1,1,1
4346,1,1,1,1
4347,1,1,1,1
4348,1,1,1,1
4349,1,1,1,1
4350,1,1,1,1
4351,1,1,1,1
4352,1,1,0,1
4353,1,1,1,1
4354,1,1,1,1
4355,1,1,1,1
4356,1,1,1,1
4357,1,1,1,1
4358,1,1,1,1
4359,1,1,1,1
4360,0,1,1,1
4361,1,1,1,1
4362,1,1,1,1
4363,1,1,1,1
4364,1,1,1,1
4365,1,1,1,1
4366,1,1,1,1
4367,1,1,1,1
4368,1,1,1,1
4369,1,1,1,1
4370,1,1,1,1
4371,1,1,1,1
4372,1,1,1,1
4373,1,1,0,1
4374,1,1,1,1
4375,1,0,1,1
4376,1,1,1,1
4377,1,1,1,1
4378,1,1,1,1
4379,1,1,1,1
4380,1,1,1,1
4381,1,1,1,1
4382,1,1,1,1
4383,1,1,1,1
4384,1,1,1,1
4385,1,1,1,1
4386,1,1,1,1
4387,1,1,1,1
4388,1,1,1,1
4389,1,1,1,1
4390,1,1,1,1
4391,1,1,1,1
4392,1,1,1,1
4393,1,1,1,1
4394,1,1,1,1
4395,1,1,1,1
4396,1,1,1,1
4397,1,1,1,1
4398,1,1,1,1
4399,1,1,1,1
4400,1,0,1,1
4401,1,1,1,1
4402,1,1,1,1
4403,1,1,1,1
4404,1,1,1,1
4405,1,1,1,1
4406,1,1,1,1
4407,1,1,1,1
4408,1,1,1,1
4409,1,1,1,1
4410,1,1,1,1
4411,1,1,1,1
4412,0,1,1,1
4413,0,1,1,1
4414,1,1,1,1
4415,1,1,1,1
4416,0,1,1,1
4417,1,1,1,1
4418,1,1,0,1
4419,1,1,1,1
4420,1,1,1,1
4421,1,1,1,1
4422,0,1,1,1
4423,1,1,1,1
4424,1,1,1,1
4425,1,1,0,1
4426,1,1,1,1
4427,1,1,1,1
4428,1,1,1,1
4429,1,1,1,1
4430,1,1,1,1
4431,1,1,1,1
4432,1,1,1,1
4433,1,1,1,1
4434,1,1,1,1
4435,1,1,1,1
4436,1,1,1,1
4437,1,1,1,1
4438,1,1,0,1
4439,0,1,1,1
4440,1,1,1,1
4441,1,1,1,1
4442,1,1,1,1
4443,1,1,1,1
4444,1,1,1,1
4445,1,1,1,1
4446,1,1,1,1
4447,1,1,1,1
4448,1,1,1,1
4449,1,1,1,1
4450,1,1,1,1
4451,1,1,1,1
4452,1,1,1,1
4453,0,1,1,1
4454,1,1,1,1
4455,1,1,1,1
4456,1,1,1,1
4457,1,1,1,1
4458,1,1,1,1
4459,1,1,1,1
4460,1,1,1,1
4461,1,1,1,1
4462,1,1,1,1
4463,1,1,1,1
4464,1,1,1,1
4465,1,1,1,1
4466,1,1,1,1
4467,1,1,1,1
4468,1,1,1,1
4469,1,1,1,1
4470,1,1,1,1
4471,1,0,1,1
4472,1,0,1,1
4473,1,1,1,1
4474,1,1,1,1
4475,1,1,1,1
4476,0,1,1,1
4477,1,1,1,1
4478,0,1,1,1
4479,1,1,1,1
4480,0,1,1,1
4481,1,1,1,1
4482,1,1,1,1
4483,1,1,1,1
4484,1,1,1,1
4485,1,1,1,1
4486,1,1,1,1
4487,0,1,1,1
4488,1,1,1,1
4489,1,1,0,1
4490,1,1,1,1
4491,1,1,1,1
4492,1,1,1,1
4493,1,1,1,1
4494,1,1,1,1
4495,1,1,1,1
4496,1,1,1,1
4497,1,1,1,1
4498,0,1,1,1
4499,1,1,1,1
4500,1,0,1,1
4501,1,1,1,1
4502,1,1,1,1
4503,1,1,1,1
4504,1,1,1,1
4505,1,1,1,1
4506,1,1,1,1
4507,1,1,1,1
4508,1,1,1,1
4509,1,1,1,1
4510,1,1,1,1
4511,0,1,1,1
4512,1,1,1,1
4513,1,1,1,1
4514,1,1,1,1
4515,1,1,1,1
4516,1,1,1,1
4517,1,1,1,1
4518,1,1,1,1
4519,1,1,1,1
4520,0,1,1,1
4521,1,1,1,1
4522,1,1,1,1
4523,0,1,1,1
4524,1,1,1,1
4525,1,1,1,1
4526,1,1,1,1
4527,1,1,1,1
4528,1,1,1,1
4529,1,1,1,1
4530,1,1,1,1
4531,1,1,1,1
4532,1,1,1,1
4533,1,1,1,1
4534,1,1,1,1
4535,1,1,1,1
4536,1,1,1,1
4537,1,1,1,1
4538,0,1,1,1
4539,1,1,0,1
4540,1,1,1,1
4541,1,1,1,1
4542,1,1,1,1
4543,1,1,1,1
4544,1,1,1,1
4545,1,1,1,1
4546,1,1,1,1
4547,0,1,1,1
4548,0,1,1,1
4549,1,1,1,1
4550,1,1,1,1
4551,1,1,1,1
4552,0,1,1,1
4553,1,1,1,1
4554,1,1,1,1
4555,1,1,1,1
4556,0,1,1,1
4557,1,1,1,1
4558,1,1,1,1
4559,1,1,1,1
4560,1,1,1,1
4561,1,1,1,1
4562,0,1,1,1
4563,1,1,1,1
4564,1,1,1,1
4565,1,1,1,1
4566,1,1,0,1
4567,1,1,1,1
4568,1,1,0,1
4569,0,1,1,1
4570,1,1,1,1
4571,1,1,1,1
4572,1,1,1,1
4573,1,1,1,1
4574,1,1,1,1
4575,1,1,1,1
4576,0,1,1,1
4577,1,1,1,1
4578,1,1,1,1
4579,1,1,1,1
4580,1,1,1,1
4581,1,1,0,1
4582,1,1,1,1
4583,1,1,1,1
4584,0,1,1,1
4585,0,1,1,1
4586,1,1,1,1
4587,1,1,1,1
4588,1,1,1,1
4589,1,1,1,1
4590,1,1,1,1
4591,1,1,1,1
4592,1,0,1,1
4593,1,1,1,1
4594,1,1,0,1
4595,1,1,1,1
4596,1,1,1,1
4597,1,1,1,1
4598,1,1,0,1
4599,1,1,1,1
4600,0,1,1,1
4601,1,0,1,1
4602,1,1,1,1
4603,1,1,1,1
4604,1,0,1,1
4605,1,0,1,1
4606,1,1,1,1
4607,1,1,1,1
4608,1,1,1,1
4609,1,1,1,1
4610,1,1,1,1
4611,1,1,1,1
4612,1,1,1,1
4613,1,1,0,1
4614,1,1,1,1
4615,1,1,0,1
4616,1,1,1,1
4617,0,1,1,1
4618,0,1,1,1
4619,1,1,0,1
4620,1,0,1,1
4621,1,1,1,1
4622,1,1,1,1
4623,1,1,1,1
4624,1,1,1,1
4625,1,1,1,1
4626,1,0,1,1
4627,1,1,1,1
4628,1,1,1,1
4629,1,1,0,1
4630,1,1,1,1
4631,1,1,1,1
4632,1,1,1,1
4633,1,1,1,1
4634,1,1,1,1
4635,1,0,1,1
4636,1,1,1,1
4637,1,1,1,1
4638,1,1,1,1
4639,1,1,1,1
4640,1,1,1,1
4641,1,1,1,1
4642,1,0,1,1
4643,1,1,1,1
4644,1,1,1,1
4645,1,1,1,1
4646,0,1,1,1
4647,1,1,1,1
4648,1,1,1,1
4649,1,1,1,1
4650,1,0,1,1
4651,1,1,1,1
4652,1,1,1,1
4653,1,1,1,1
4654,1,1,1,1
4655,1,1,1,1
4656,1,1,1,1
4657,1,1,1,1
4658,0,1,1,1
4659,1,1,1,1
4660,1,0,1,1
4661,1,1,1,1
4662,1,1,1,1
4663,1,1,1,1
4664,1,1,1,1
4665,1,1,1,1
4666,1,1,1,1
4667,1,1,1,1
4668,1,1,1,1
4669,1,1,1,1
4670,1,1,1,1
4671,1,1,1,1
4672,1,0,1,1
4673,1,1,1,1
4674,0,1,1,1
4675,1,0,1,1
4676,1,1,1,1
4677,1,1,1,1
4678,0,1,1,1
4679,1,1,1,1
4680,1,1,1,1
4681,1,1,1,1
4682,1,1,1,1
4683,1,1,1,1
4684,1,1,1,1
4685,1,1,1,1
4686,1,1,1,1
4687,0,1,1,1
4688,0,1,1,1
4689,1,1,1,1
4690,0,1,1,1
4691,1,1,1,1
4692,1,1,0,1
4693,1,1,1,1
4694,1,1,1,1
4695,1,1,1,1
4696,1,1,1,1
4697,1,1,1,1
4698,1,1,1,1
4699,1,0,1,1
4700,0,1,1,1
4701,0,1,1,1
4702,1,1,1,1
4703,0,1,1,1
4704,1,1,1,1
4705,1,1,1,1
4706,1,1,1,1
4707,1,1,1,1
4708,1,1,1,1
4709,1,1,1,1
4710,1,1,1,1
4711,1,1,1,1
4712,1,1,0,1
4713,1,1,1,1
4714,1,1,1,1
4715,0,1,1,1
4716,1,1,1,1
4717,1,1,1,1
4718,1,0,1,1
4719,1,1,1,1
4720,1,0,1,1
4721,1,1,1,1
4722,1,1,1,1
4723,1,1,1,1
4724,1,0,1,1
4725,1,1,1,1
4726,1,1,1,1
4727,1,1,1,1
4728,1,0,1,1
4729,1,1,1,1
4730,1,0,1,1
4731,1,1,1,1
4732,1,1,1,1
4733,1,1,1,1
4734,1,1,1,1
4735,1,1,1,1
4736,1,1,1,1
4737,1,0,1,1
4738,1,1,1,1
4739,1,1,1,1
4740,1,1,1,1
4741,1,0,1,1
4742,1,1,1,1
4743,1,1,1,1
4744,1,1,0,1
4745,1,1,1,1
4746,1,1,1,1
4747,1,1,1,1
4748,1,1,1,1
4749,1,1,1,1
4750,1,1,1,1
4751,1,1,1,1
4752,1,1,1,1
4753,1,1,1,1
4754,1,1,1,1
4755,1,1,1,1
4756,1,1,1,1
4757,1,1,1,1
4758,0,1,1,1
4759,1,1,1,1
4760,1,1,1,1
4761,0,1,1,1
4762,0,1,1,1
4763,1,1,1,1
4764,1,1,1,1
4765,1,1,0,1
4766,1,1,1,1
4767,1,1,1,1
4768,1,1,1,1
4769,1,1,1,1
4770,1,1,1,1
4771,1,1,1,1
4772,1,0,1,1
4773,1,1,1,1
4774,1,1,1,1
4775,1,1,1,1
4776,1,1,1,1
4777,1,1,1,1
4778,1,1,1,1
4779,0,1,1,1
4780,1,1,1,1
4781,0,1,1,1
4782,1,1,1,1
4783,1,1,1,1
4784,1,1,1,1
4785,1,1,1,1
4786,1,1,1,1
4787,1,1,1,1
4788,1,1,1,1
4789,1,1,1,1
4790,1,1,1,1
4791,1,1,1,1
4792,1,1,1,1
4793,1,1,1,1
4794,1,1,1,1
4795,1,1,1,1
4796,1,1,1,1
4797,1,1,1,1
4798,0,1,1,1
4799,1,1,1,1
4800,1,1,1,1
4801,1,1,1,1
4802,1,1,1,1
4803,1,1,0,1
4804,1,1,1,1
4805,1,1,0,1
4806,1,1,1,1
4807,1,1,1,1
4808,0,1,1,1
4809,1,1,1,1
4810,1,1,1,1
4811,1,1,1,1
4812,1,1,1,1
4813,1,1,1,1
4814,1,1,1,1
4815,1,1,1,1
4816,1,1,1,1
4817,1,1,1,1
4818,1,1,1,1
4819,1,1,1,1
4820,1,1,1,1
4821,1,1,1,1
4822,1,1,1,1
4823,1,1,1,1
4824,1,1,1,1
4825,1,1,1,1
4826,0,1,1,1
4827,1,1,1,1
4828,1,1,1,1
4829,1,1,1,1
4830,1,1,1,1
4831,1,1,1,1
4832,1,1,1,1
4833,1,1,1,1
4834,1,1,1,1
4835,0,1,1,1
4836,1,1,1,1
4837,1,1,1,1
4838,1,1,1,1
4839,1,1,1,1
4840,1,1,1,1
4841,1,1,1,1
4842,1,1,1,1
4843,1,1,1,1
4844,1,1,1,1
4845,1,0,1,1
4846,1,1,1,1
4847,1,1,1,1
4848,1,1,1,1
4849,1,1,1,1
4850,1,1,1,1
4851,1,1,1,1
4852,1,1,1,1
4853,1,1,1,1
4854,1,1,1,1
4855,1,1,1,1
4856,1,1,1,1
4857,1,1,1,1
4858,1,1,1,1
4859,1,1,0,1
4860,1,1,1,1
4861,1,1,1,1
4862,1,1,1,1
4863,1,1,1,1
4864,1,1,1,1
4865,1,1,1,1
4866,1,1,1,1
4867,1,1,1,1
4868,1,1,1,1
4869,0,1,1,1
4870,1,1,1,1
4871,1,1,1,1
4872,1,1,1,1
4873,1,1,1,1
4874,1,1,0,1
4875,1,1,1,1
4876,1,1,1,1
4877,1,1,1,1
4878,1,1,1,1
4879,1,1,1,1
4880,1,1,1,1
4881,1,1,1,1
4882,1,1,1,1
4883,1,1,1,1
4884,1,1,1,1
4885,1,1,1,1
4886,1,1,1,1
4887,1,1,1,1
4888,1,1,1,1
4889,1,1,1,1
4890,1,1,1,1
4891,1,1,1,1
4892,1,1,1,1
4893,1,1,1,1
4894,1,1,1,1
4895,1,1,1,1
4896,1,1,1,1
4897,1,1,1,1
4898,1,1,1,1
4899,1,1,1,1
4900,1,1,1,1
4901,1,1,1,1
4902,1,1,1,1
4903,1,1,1,1
4904,1,1,1,1
4905,1,1,1,1
4906,1,1,1,1
4907,1,1,1,1
4908,1,1,1,1
4909,1,1,1,1
4910,1,1,1,1
4911,1,1,1,1
4912,1,1,1,1
4913,1,1,1,1
4914,1,1,1,1
4915,1,1,1,1
4916,1,1,0,1
4917,1,1,0,1
4918,1,1,1,1
4919,1,1,1,1
4920,1,1,0,1
4921,1,1,1,1
4922,1,0,1,1
4923,1,1,1,1
4924,1,1,0,1
4925,1,0,1,1
4926,1,1,0,1
4927,1,1,1,1
4928,1,1,1,1
4929,1,1,1,1
4930,1,1,1,1
4931,1,1,0,1
4932,1,1,1,1
4933,1,1,1,1
4934,1,1,1,1
4935,1,1,1,1
4936,1,1,1,1
4937,1,1,1,1
4938,1,1,1,1
4939,1,1,0,1
4940,1,1,1,1
4941,1,0,1,1
4942,1,1,1,1
4943,1,1,1,1
4944,1,1,1,1
4945,1,1,1,1
4946,1,1,1,1
4947,1,1,1,1
4948,0,1,1,1
4949,1,1,1,1
4950,1,1,1,1
4951,1,1,1,1
4952,1,1,1,1
4953,1,0,1,1
4954,1,1,1,1
4955,1,1,1,1
4956,1,1,0,1
4957,1,1,1,1
4958,1,1,1,1
4959,1,1,1,1
4960,0,1,1,1
4961,1,1,1,1
4962,1,1,1,1
4963,1,1,0,1
4964,1,1,0,1
4965,1,1,1,1
4966,1,1,1,1
4967,1,1,1,1
4968,1,1,0,1
4969,1,1,1,1
4970,1,1,1,1
4971,1,1,1,1
4972,1,1,1,1
4973,1,1,0,1
4974,1,1,0,1
4975,1,1,1,1
4976,1,1,1,1
4977,1,1,1,1
4978,1,1,1,1
4979,1,0,1,1
4980,1,1,1,1
4981,0,1,1,1
4982,1,1,1,1
4983,1,1,1,1
4984,1,1,0,1
4985,1,1,0,1
4986,1,1,1,1
4987,1,1,1,1
4988,0,1,1,1
4989,1,1,1,1
4990,1,1,1,1
4991,1,1,1,1
4992,1,1,0,1
4993,1,1,1,1
4994,1,1,1,1
4995,1,1,1,1
4996,0,1,1,1
4997,1,1,1,1
4998,1,1,1,1
4999,1,1,1,1
5000,1,1,1,1
5001,0,1,1,1
5002,1,1,1,1
5003,1,1,0,1
5004,1,1,1,1
5005,1,1,1,1
5006,1,1,0,1
5007,1,1,1,1
5008,1,1,1,1
5009,1,1,0,1
5010,1,1,1,1
5011,1,1,1,1
5012,1,1,1,1
5013,1,1,1,1
5014,1,1,1,1
5015,1,1,1,1
5016,1,1,1,1
5017,1,1,1,1
5018,1,1,1,1
5019,1,1,1,1
5020,1,1,1,1
5021,1,1,1,1
5022,1,1,1,1
5023,1,1,1,1
5024,1,1,1,1
5025,0,1,1,1
5026,1,1,1,1
5027,0,1,1,1
5028,1,1,1,1
5029,1,1,1,1
5030,1,1,1,1
5031,1,1,1,1
5032,1,1,1,1
5033,1,1,1,1
5034,1,1,0,1
5035,1,1,1,1
5036,1,1,1,1
5037,1,1,1,1
5038,1,1,1,1
5039,1,1,1,1
5040,1,1,1,1
5041,1,1,0,1
5042,1,1,1,1
5043,0,1,1,1
5044,1,1,1,1
5045,1,1,1,1
5046,1,1,1,1
5047,1,1,1,1
5048,1,1,1,1
5049,1,1,1,1
5050,1,1,1,1
5051,1,0,1,1
5052,1,1,1,1
5053,1,1,1,1
5054,1,1,1,1
5055,1,1,1,1
5056,1,1,1,1
5057,1,1,1,1
5058,1,1,1,1
5059,0,1,1,1
5060,1,0,1,1
5061,1,1,1,1
5062,1,1,1,1
5063,1,1,1,1
5064,1,1,1,1
5065,1,1,1,1
5066,1,1,1,1
5067,1,1,1,1
5068,1,1,1,1
5069,1,1,1,1
5070,1,1,1,1
5071,1,1,1,1
5072,1,1,1,1
5073,1,1,1,1
5074,1,1,1,1
5075,1,1,1,1
5076,1,1,0,1
5077,1,1,1,1
5078,1,0,1,1
5079,1,1,1,1
5080,1,1,1,1
5081,1,1,1,1
5082,1,1,1,1
5083,1,1,1,1
5084,1,1,1,1
5085,1,1,1,1
5086,1,1,1,1
5087,1,1,1,1
5088,1,1,1,1
5089,1,1,1,1
5090,1,1,1,1
5091,1,1,1,1
5092,1,1,1,1
5093,1,1,1,1
5094,1,1,1,1
5095,1,1,1,1
5096,1,1,0,1
5097,1,1,1,1
5098,1,1,1,1
5099,1,1,1,1
5100,1,1,1,1
5101,1,1,1,1
5102,1,1,1,1
5103,1,1,1,1
5104,1,1,1,1
5105,1,1,0,1
5106,1,1,0,1
5107,1,1,1,1
5108,1,1,1,1
5109,1,1,1,1
5110,1,1,1,1
5111,1,1,1,1
5112,1,1,1,1
5113,1,1,1,1
5114,1,1,1,1
5115,1,1,1,1
5116,1,1,1,1
5117,1,1,1,1
5118,1,1,1,1
5119,1,1,1,1
5120,1,1,1,1
5121,1,1,1,1
5122,1,1,1,1
5123,1,1,1,1
5124,1,1,1,1
5125,1,1,0,1
5126,1,1,0,1
5127,1,1,1,1
5128,1,1,1,1
5129,1,1,1,1
5130,1,1,1,1
5131,1,1,1,1
5132,1,1,1,1
5133,1,1,1,1
5134,1,1,1,1
5135,1,1,0,1
5136,1,1,1,1
5137,1,1,1,1
5138,1,1,1,1
5139,1,1,1,1
5140,1,1,1,1
5141,1,1,1,1
5142,1,1,1,1
5143,1,1,1,1
5144,1,1,1,1
5145,1,1,1,1
5146,1,1,1,1
5147,1,1,0,1
5148,1,1,0,1
5149,1,1,0,1
5150,1,1,1,1
5151,1,1,1,1
5152,1,1,1,1
5153,1,1,1,1
5154,1,1,1,1
5155,1,1,1,1
5156,1,1,1,1
5157,1,1,1,1
5158,1,1,1,1
5159,1,1,1,1
5160,0,1,1,1
5161,1,1,0,1
5162,1,1,1,1
5163,1,1,1,1
5164,1,1,1,1
5165,1,1,1,1
5166,1,1,1,1
5167,1,1,1,1
5168,1,1,1,1
5169,1,1,1,1
5170,1,1,1,1
5171,1,1,1,1
5172,1,1,1,1
5173,1,1,1,1
5174,1,1,1,1
5175,1,1,1,1
5176,1,1,1,1
5177,1,1,1,1
5178,1,1,1,1
5179,1,1,1,1
5180,1,1,1,1
5181,1,1,1,1
5182,1,1,1,1
5183,1,1,0,1
5184,1,1,1,1
5185,1,1,1,1
5186,1,1,1,1
5187,1,1,1,1
5188,1,1,1,1
5189,1,1,1,1
5190,1,1,0,1
5191,1,1,1,1
5192,1,1,1,1
5193,1,1,1,1
5194,1,1,1,1
5195,1,1,1,1
5196,1,1,1,1
5197,1,1,1,1
5198,1,0,1,1
5199,1,1,1,1
5200,1,1,1,1
5201,1,1,1,1
5202,1,1,1,1
5203,1,1,1,1
5204,1,1,1,1
5205,1,1,1,1
5206,1,1,1,1
5207,1,1,1,1
5208,1,1,0,1
5209,1,1,1,1
5210,1,1,0,1
5211,1,1,1,1
5212,1,1,0,1
5213,1,1,1,1
5214,1,1,1,1
5215,1,1,1,1
5216,1,1,1,1
5217,1,1,1,1
5218,1,1,1,1
5219,1,1,1,1
5220,1,1,0,1
5221,1,1,1,1
5222,1,1,1,1
5223,1,1,1,1
5224,1,1,1,1
5225,1,1,1,1
5226,1,1,1,1
5227,1,1,1,1
5228,1,1,1,1
5229,1,1,1,1
5230,1,1,1,1
5231,1,1,1,1
5232,1,1,1,1
5233,1,1,1,1
5234,1,1,1,1
5235,1,1,1,1
5236,1,1,1,1
5237,1,1,1,1
5238,1,1,1,1
5239,1,1,1,1
5240,1,1,1,1
5241,1,1,1,1
5242,1,1,1,1
5243,1,1,1,1
5244,0,1,1,1
5245,1,1,1,1
5246,1,1,1,1
5247,1,1,1,1
5248,0,1,1,1
5249,1,1,1,1
5250,1,1,1,1
5251,1,1,1,1
5252,1,0,1,1
5253,1,1,1,1
5254,1,1,1,1
5255,1,1,1,1
5256,1,1,1,1
5257,1,0,1,1
5258,1,1,1,1
5259,1,1,1,1
5260,1,1,1,1
5261,1,1,1,1
5262,0,1,1,1
5263,1,1,1,1
5264,1,1,1,1
5265,1,1,1,1
5266,1,1,1,1
5267,1,1,1,1
5268,1,1,1,1
5269,1,1,1,1
5270,1,1,0,1
5271,1,1,1,1
5272,1,1,1,1
5273,1,1,0,1
5274,1,1,1,1
5275,1,1,1,1
5276,1,1,1,1
5277,1,1,1,1
5278,1,1,1,1
5279,1,1,1,1
5280,1,1,1,1
5281,1,1,0,1
5282,1,1,1,1
5283,1,1,1,1
5284,1,0,1,1
5285,1,1,1,1
5286,1,1,1,1
5287,1,1,1,1
5288,1,1,1,1
5289,1,1,1,1
5290,1,1,1,1
5291,1,1,1,1
5292,1,1,1,1
5293,1,1,1,1
5294,1,1,1,1
5295,1,1,1,1
5296,1,1,1,1
5297,1,1,1,1
5298,1,1,1,1
5299,1,1,1,1
5300,1,1,1,1
5301,1,1,1,1
5302,1,1,1,1
5303,1,1,1,1
5304,1,1,1,1
5305,1,1,1,1
5306,1,1,1,1
5307,1,1,1,1
5308,1,1,1,1
5309,1,1,1,1
5310,1,1,1,1
5311,1,1,1,1
5312,0,1,1,1
5313,1,1,1,1
5314,1,1,1,1
5315,1,1,1,1
5316,1,1,1,1
5317,1,1,1,1
5318,1,1,1,1
5319,1,1,1,1
5320,1,1,1,1
5321,1,1,1,1
5322,1,1,1,1
5323,1,1,1,1
5324,1,1,1,1
5325,1,1,1,1
5326,1,0,1,1
5327,1,1,1,1
5328,1,1,1,1
5329,1,1,1,1
5330,1,1,1,1
5331,1,1,1,1
5332,1,0,1,1
5333,1,1,1,1
5334,1,1,1,1
5335,1,1,1,1
5336,1,1,1,1
5337,1,1,1,1
5338,1,1,1,1
5339,1,1,1,1
5340,1,1,1,1
5341,1,1,1,1
5342,1,1,0,1
5343,1,1,1,1
5344,1,1,1,1
5345,1,1,0,1
5346,1,1,1,1
5347,1,1,1,1
5348,1,1,1,1
5349,1,1,1,1
5350,1,1,0,1
5351,1,1,1,1
5352,1,1,1,1
5353,1,1,1,1
5354,1,1,1,1
5355,1,1,1,1
5356,1,1,1,1
5357,1,1,1,1
5358,1,1,1,1
5359,1,1,1,1
5360,1,1,1,1
5361,0,1,1,1
5362,1,1,1,1
5363,1,1,1,1
5364,0,1,1,1
5365,1,1,1,1
5366,1,1,1,1
5367,1,1,1,1
5368,1,1,1,1
5369,0,1,1,1
5370,0,1,1,1
5371,1,1,1,1
5372,1,1,1,1
5373,1,1,1,1
5374,1,1,1,1
5375,1,1,1,1
5376,1,1,1,1
5377,1,1,1,1
5378,1,1,1,1
5379,1,1,1,1
5380,1,1,1,1
5381,1,1,0,1
5382,0,1,1,1
5383,1,1,1,1
5384,1,1,1,1
5385,1,1,1,1
5386,1,1,1,1
5387,0,1,1,1
5388,1,1,1,1
5389,0,1,1,1
5390,1,1,1,1
5391,1,1,1,1
5392,1,1,1,1
5393,1,1,1,1
5394,1,1,0,1
5395,1,1,1,1
5396,1,1,1,1
5397,1,1,1,1
5398,1,0,1,1
5399,1,1,1,1
5400,1,1,1,1
5401,1,1,1,1
5402,1,1,0,1
5403,1,1,1,1
5404,1,1,1,1
5405,1,1,1,1
5406,0,1,1,1
5407,1,1,1,1
5408,1,1,1,1
5409,1,1,1,1
5410,1,1,1,1
5411,1,1,1,1
5412,1,1,1,1
5413,1,1,1,1
5414,1,1,1,1
5415,1,1,1,1
5416,1,1,1,1
5417,1,1,1,1
5418,1,1,1,1
5419,1,1,0,1
5420,1,1,1,1
5421,1,1,1,1
5422,1,1,0,1
5423,1,1,1,1
5424,1,1,1,1
5425,1,1,1,1
5426,1,1,1,1
5427,1,1,0,1
5428,1,0,1,1
5429,1,1,1,1
5430,1,1,1,1
5431,1,1,1,1
5432,1,1,1,1
5433,1,1,1,1
5434,0,1,1,1
5435,1,1,1,1
5436,1,1,1,1
5437,1,1,0,1
5438,1,1,1,1
5439,1,1,1,1
5440,1,1,1,1
5441,1,1,1,1
5442,1,1,1,1
5443,1,1,1,1
5444,1,1,1,1
5445,1,1,1,1
5446,1,1,1,1
5447,1,1,1,1
5448,1,1,1,1
5449,0,1,1,1
5450,1,1,1,1
5451,1,1,1,1
5452,1,1,1,1
5453,1,1,1,1
5454,1,1,1,1
5455,1,1,1,1
5456,1,1,1,1
5457,1,1,1,1
5458,1,1,1,1
5459,1,1,1,1
5460,1,1,1,1
5461,1,1,1,1
5462,0,1,1,1
5463,1,1,1,1
5464,1,1,1,1
5465,1,1,1,1
5466,1,1,1,1
5467,1,1,1,1
5468,1,1,1,1
5469,1,1,1,1
5470,1,1,1,1
5471,1,1,1,1
5472,1,1,1,1
5473,1,1,1,1
5474,1,1,1,1
5475,1,1,1,1
5476,1,1,1,1
5477,1,1,1,1
5478,1,1,0,1
5479,1,1,1,1
5480,1,1,1,1
5481,1,1,1,1
5482,1,1,1,1
5483,1,1,1,1
5484,1,1,1,1
5485,1,1,1,1
5486,1,1,1,1
5487,1,1,1,1
5488,1,1,1,1
5489,1,1,1,1
5490,1,1,1,1
5491,1,1,1,1
5492,1,1,1,1
5493,1,0,1,1
5494,1,1,1,1
5495,0,1,1,1
5496,1,1,1,1
5497,1,1,1,1
5498,0,1,1,1
5499,1,1,1,1
5500,1,1,1,1
5501,1,0,1,1
5502,1,1,1,1
5503,1,1,1,1
5504,1,1,1,1
5505,1,1,1,1
5506,1,1,0,1
5507,1,1,1,1
5508,0,1,1,1
5509,1,1,1,1
5510,1,1,1,1
5511,1,1,1,1
5512,1,1,1,1
5513,1,1,0,1
5514,1,1,1,1
5515,1,1,1,1
5516,1,1,1,1
5517,1,1,1,1
5518,1,1,1,1
5519,1,1,0,1
5520,1,1,1,1
5521,1,1,0,1
5522,1,1,0,1
5523,1,1,1,1
5524,1,1,1,1
5525,1,1,0,1
5526,1,1,1,1
5527,1,1,1,1
5528,1,1,1,1
5529,1,1,1,1
5530,1,1,1,1
5531,1,1,0,1
5532,1,0,1,1
5533,1,1,0,1
5534,1,1,0,1
5535,1,1,1,1
5536,1,1,1,1
5537,1,1,1,1
5538,1,1,1,1
5539,1,1,1,1
5540,1,1,1,1
5541,1,1,1,1
5542,1,1,1,1
5543,1,1,1,1
5544,1,1,1,1
5545,1,1,1,1
5546,1,1,1,1
5547,1,1,1,1
5548,1,1,1,1
5549,1,1,1,1
5550,1,1,1,1
5551,0,1,1,1
5552,1,1,1,1
5553,1,1,1,1
5554,1,1,1,1
5555,1,1,1,1
5556,1,1,1,1
5557,1,1,1,1
5558,1,1,1,1
5559,1,1,1,1
5560,1,1,1,1
5561,1,1,0,1
5562,1,1,1,1
5563,1,1,1,1
5564,1,1,1,1
5565,1,1,1,1
5566,1,1,1,1
5567,0,1,1,1
5568,1,1,1,1
5569,1,1,1,1
5570,1,1,1,1
5571,1,1,1,1
5572,1,1,1,1
5573,1,1,1,1
5574,1,1,0,1
5575,1,1,1,1
5576,1,1,1,1
5577,1,1,1,1
5578,1,1,1,1
5579,1,1,0,1
5580,1,1,1,1
5581,1,1,1,1
5582,0,1,1,1
5583,1,1,1,1
5584,1,1,1,1
5585,0,1,1,1
5586,1,1,1,1
5587,1,1,1,1
5588,1,1,1,1
5589,1,1,1,1
5590,1,1,1,1
5591,1,1,1,1
5592,1,1,0,1
5593,1,1,1,1
5594,1,1,1,1
5595,1,1,1,1
5596,1,1,1,1
5597,1,1,1,1
5598,1,1,1,1
5599,1,1,1,1
5600,0,1,1,1
5601,1,1,1,1
5602,0,1,1,1
5603,1,1,1,1
5604,0,1,1,1
5605,0,1,1,1
5606,1,1,1,1
5607,1,1,1,1
5608,1,1,1,1
5609,1,1,1,1
5610,1,1,1,1
5611,1,1,1,1
5612,1,1,0,1
5613,1,1,0,1
5614,1,1,1,1
5615,1,1,1,1
5616,1,1,0,1
5617,1,1,1,1
5618,1,1,1,1
5619,1,1,1,1
5620,1,1,0,1
5621,1,1,0,1
5622,1,1,1,1
5623,1,1,1,1
5624,1,1,0,1
5625,1,1,0,1
5626,1,1,0,1
5627,1,1,0,1
5628,1,1,0,1
5629,1,1,0,1
5630,1,1,1,1
5631,1,1,1,1
5632,1,1,0,1
5633,1,1,1,1
5634,1,1,1,1
5635,1,0,1,1
5636,1,1,0,1
5637,1,1,0,1
5638,1,1,1,1
5639,1,1,1,1
5640,1,1,1,1
5641,1,1,0,1
5642,1,0,1,1
5643,1,0,1,1
5644,1,1,1,1
5645,1,0,1,1
5646,1,1,1,1
5647,1,1,1,1
5648,1,1,1,1
5649,1,1,0,1
5650,1,1,1,1
5651,1,1,1,1
5652,1,0,1,1
5653,1,1,1,1
5654,1,1,1,1
5655,1,1,1,1
5656,1,1,0,1
5657,1,1,1,1
5658,1,1,1,1
5659,1,1,1,1
5660,1,1,1,1
5661,1,1,0,1
5662,1,1,1,1
5663,1,1,1,1
5664,1,1,0,1
5665,1,1,0,1
5666,1,1,1,1
5667,1,1,1,1
5668,1,0,1,1
5669,1,1,0,1
5670,1,1,0,1
5671,1,1,0,1
5672,1,1,0,1
5673,1,1,0,1
5674,1,1,1,1
5675,1,1,0,1
5676,1,1,1,1
5677,1,1,1,1
5678,1,0,1,1
5679,1,1,1,1
5680,1,1,1,1
5681,1,0,1,1
5682,1,1,0,1
5683,1,0,1,1
5684,1,1,0,1
5685,1,1,1,1
5686,1,1,0,1
5687,1,1,1,1
5688,1,1,1,1
5689,1,1,1,1
5690,1,1,1,1
5691,1,0,1,1
5692,1,0,1,1
5693,1,1,1,1
5694,1,0,1,1
5695,1,1,1,1
5696,1,1,1,1
5697,1,1,1,1
5698,1,1,1,1
5699,1,1,1,1
5700,1,1,1,1
5701,1,0,1,1
5702,1,1,1,1
5703,1,1,1,1
5704,1,1,1,1
5705,1,1,1,1
5706,1,1,1,1
5707,1,0,1,1
5708,1,0,1,1
5709,1,1,1,1
5710,1,1,1,1
5711,1,1,1,1
5712,1,1,1,1
5713,1,0,1,1
5714,1,1,1,1
5715,1,1,1,1
5716,1,1,0,1
5717,1,1,1,1
5718,1,1,1,1
5719,1,1,0,1
5720,1,1,1,1
5721,1,1,0,1
5722,1,1,1,1
5723,1,1,1,1
5724,1,1,1,1
5725,1,1,0,1
5726,1,1,1,1
5727,1,1,1,1
5728,1,1,1,1
5729,1,1,1,1
5730,1,1,1,1
5731,1,1,1,1
5732,1,1,1,1
5733,1,0,1,1
5734,1,1,1,1
5735,1,1,0,1
5736,1,0,1,1
5737,1,1,1,1
5738,1,1,0,1
5739,1,1,1,1
5740,0,1,1,1
5741,1,1,0,1
5742,1,1,1,1
5743,1,1,1,1
5744,1,1,0,1
5745,1,0,1,1
5746,1,1,1,1
5747,1,1,1,1
5748,1,1,1,1
5749,1,1,1,1
5750,1,1,1,1
5751,1,1,1,1
5752,1,1,1,1
5753,1,1,1,1
5754,0,1,1,1
5755,1,1,1,1
5756,1,1,1,1
5757,1,1,1,1
5758,1,0,0,1
5759,1,1,0,1
5760,1,1,1,1
5761,1,1,1,1
5762,1,0,1,1
5763,1,0,1,1
5764,1,0,1,1
5765,1,1,1,1
5766,1,0,1,1
5767,1,0,1,1
5768,1,1,1,1
5769,1,1,1,1
5770,1,1,1,1
5771,1,1,1,1
5772,1,0,1,1
5773,1,1,1,1
5774,1,1,1,1
5775,1,1,1,1
5776,1,1,1,1
5777,0,1,1,1
5778,1,1,1,1
5779,1,1,1,1
5780,1,0,1,1
5781,1,1,1,1
5782,1,1,1,1
5783,1,0,1,1
5784,1,1,1,1
5785,1,1,1,1
5786,1,1,1,1
5787,1,1,1,1
5788,1,1,1,1
5789,1,1,1,1
5790,1,0,1,1
5791,1,0,1,1
5792,1,0,1,1
5793,1,0,1,1
5794,1,1,0,1
5795,1,1,1,1
5796,1,1,1,1
5797,1,1,1,1
5798,1,1,1,1
5799,1,1,1,1
5800,1,0,1,1
5801,1,1,1,1
5802,1,1,1,1
5803,1,1,1,1
5804,1,1,1,1
5805,1,1,0,1
5806,1,1,1,1
5807,1,1,1,1
5808,1,1,0,1
5809,1,1,0,1
5810,1,1,1,1
5811,1,1,1,1
5812,1,1,1,1
5813,1,1,1,1
5814,1,1,1,1
5815,1,1,1,1
5816,1,1,1,1
5817,1,1,1,1
5818,1,1,1,1
5819,1,1,0,1
5820,0,1,1,1
5821,0,1,1,1
5822,1,1,1,1
5823,1,1,0,1
5824,1,1,1,1
5825,1,1,0,1
5826,1,0,1,1
5827,1,1,0,1
5828,1,1,0,1
5829,1,1,1,1
5830,1,1,1,1
5831,1,1,0,1
5832,1,1,1,1
5833,1,1,1,1
5834,1,1,1,1
5835,1,1,0,1
5836,1,1,0,1
5837,1,1,1,1
5838,1,1,1,1
5839,1,0,1,1
5840,1,1,0,1
5841,1,1,0,1
5842,1,1,1,1
5843,1,1,0,1
5844,1,0,1,1
5845,1,1,0,1
5846,1,1,0,1
5847,1,1,1,1
5848,1,1,1,1
5849,1,1,1,1
5850,1,1,1,1
5851,1,1,1,1
5852,1,1,1,1
5853,1,1,1,1
5854,1,1,1,1
5855,1,1,1,1
5856,0,1,1,1
5857,1,1,1,1
5858,0,1,1,1
5859,1,1,1,1
5860,1,1,1,1
5861,1,1,0,1
5862,1,1,1,1
5863,0,1,1,1
5864,1,1,1,1
5865,1,1,1,1
5866,1,1,1,1
5867,1,1,1,1
5868,0,1,1,1
5869,1,1,1,1
5870,1,1,1,1
5871,1,1,1,1
5872,1,1,1,1
5873,0,1,1,1
5874,1,1,1,1
5875,1,1,1,1
5876,0,1,1,1
5877,1,1,1,1
5878,1,1,1,1
5879,1,1,1,1
5880,1,1,1,1
5881,1,1,1,1
5882,1,1,1,1
5883,1,1,1,1
5884,1,1,1,1
5885,1,1,1,1
5886,0,1,1,1
5887,1,1,1,1
5888,1,1,1,1
5889,1,1,1,1
5890,1,1,1,1
5891,1,1,0,1
5892,1,1,1,1
5893,1,1,1,1
5894,1,1,1,1
5895,1,1,1,1
5896,1,0,1,1
5897,1,1,1,1
5898,1,1,1,1
5899,1,1,1,1
5900,1,1,0,1
5901,1,1,0,1
5902,1,1,1,1
5903,1,1,1,1
5904,1,1,1,1
5905,1,1,1,1
5906,1,1,1,1
5907,1,1,1,1
5908,1,1,1,1
5909,1,1,1,1
5910,1,1,1,1
5911,1,1,1,1
5912,1,1,1,1
5913,1,0,1,1
5914,1,1,1,1
5915,1,1,1,1
5916,1,1,0,1
5917,1,1,0,1
5918,1,1,1,1
5919,1,1,1,1
5920,1,1,1,1
5921,1,1,0,1
5922,1,1,1,1
5923,1,1,1,1
5924,1,1,1,1
5925,1,1,1,1
5926,1,1,1,1
5927,1,1,0,1
5928,1,1,1,1
5929,1,1,1,1
5930,1,1,1,1
5931,1,1,0,1
5932,0,1,1,1
5933,1,1,1,1
5934,1,0,1,1
5935,1,1,1,1
5936,1,0,1,1
5937,1,1,1,1
5938,1,1,1,1
5939,1,1,1,1
5940,1,1,1,1
5941,1,1,1,1
5942,1,1,1,1
5943,1,1,1,1
5944,1,1,1,1
5945,1,1,1,1
5946,1,1,1,1
5947,1,1,1,1
5948,1,1,0,1
5949,1,1,1,1
5950,1,1,1,1
5951,1,1,1,1
5952,1,1,1,1
5953,1,1,1,1
5954,1,1,1,1
5955,1,1,1,1
5956,1,1,1,1
5957,1,0,1,1
5958,0,1,1,1
5959,1,1,1,1
5960,1,0,1,1
5961,1,1,1,1
5962,1,1,1,1
5963,1,1,1,1
5964,1,1,1,1
5965,1,1,1,1
5966,1,1,1,1
5967,1,1,1,1
5968,1,1,1,1
5969,1,1,1,1
5970,1,1,0,1
5971,1,1,1,1
5972,1,0,1,1
5973,1,1,1,1
5974,1,1,0,1
5975,1,1,1,1
5976,1,1,1,1
5977,1,1,1,1
5978,1,1,1,1
5979,1,1,1,1
5980,1,1,1,1
5981,1,1,1,1
5982,1,1,1,1
5983,1,1,1,1
5984,1,1,1,1
5985,1,1,1,1
5986,1,1,1,1
5987,1,1,1,1
5988,1,1,1,1
5989,1,1,0,1
5990,1,1,1,1
5991,1,0,1,1
5992,1,1,0,1
5993,1,1,1,1
5994,1,1,1,1
5995,1,1,1,1
5996,1,1,1,1
5997,1,1,1,1
5998,1,1,1,1
5999,1,1,1,1
6000,1,1,1,1
6001,1,1,1,1
6002,1,1,1,1
6003,1,1,1,1
6004,0,1,1,1
6005,1,1,1,1
6006,1,1,1,1
6007,1,1,1,1
6008,0,1,1,1
6009,1,1,1,1
6010,1,1,0,1
6011,1,1,1,1
6012,1,1,1,1
6013,1,1,1,1
6014,1,1,0,1
6015,1,1,1,1
6016,1,1,1,1
6017,1,1,0,1
6018,1,1,1,1
6019,1,1,1,1
6020,1,1,1,1
6021,1,1,1,1
6022,1,1,1,1
6023,1,1,1,1
6024,1,1,1,1
6025,1,1,1,1
6026,1,0,1,1
6027,1,1,1,1
6028,1,1,1,1
6029,1,1,1,1
6030,1,1,1,1
6031,1,0,1,1
6032,1,1,1,1
6033,1,1,1,1
6034,1,1,1,1
6035,1,1,1,1
6036,1,1,1,1
6037,1,1,0,1
6038,1,1,1,1
6039,1,1,1,1
6040,1,1,1,1
6041,1,1,1,1
6042,1,0,1,1
6043,0,1,1,1
6044,1,1,1,1
6045,1,1,1,1
6046,1,1,1,1
6047,1,1,1,1
6048,1,1,1,1
6049,1,1,0,1
6050,0,1,1,1
6051,1,1,1,1
6052,1,1,1,1
6053,1,1,1,1
6054,1,1,1,1
6055,1,1,1,1
6056,1,0,1,1
6057,1,1,1,1
6058,1,1,1,1
6059,1,1,1,1
6060,1,0,1,1
6061,1,1,1,1
6062,1,1,1,1
6063,1,1,1,1
6064,1,1,1,1
6065,1,1,1,1
6066,1,1,1,1
6067,1,1,1,1
6068,1,1,1,1
6069,1,1,1,1
6070,1,1,1,1
6071,1,1,1,1
6072,1,1,1,1
6073,1,1,1,1
6074,1,1,1,1
6075,1,1,1,1
6076,1,1,1,1
6077,1,1,1,1
6078,1,1,0,1
6079,1,1,1,1
6080,1,1,1,1
6081,1,1,0,1
6082,1,1,1,1
6083,1,1,1,1
6084,1,1,1,1
6085,1,1,1,1
6086,1,1,1,1
6087,1,1,1,1
6088,1,0,1,1
6089,1,1,1,1
6090,1,1,1,1
6091,1,1,0,1
6092,1,0,1,1
6093,1,1,1,1
6094,1,1,1,1
6095,0,1,1,1
6096,1,1,1,1
6097,0,1,0,1
6098,0,1,1,1
6099,0,1,0,1
6100,1,0,1,1
6101,1,1,1,1
6102,1,1,1,1
6103,0,1,1,1
6104,1,1,1,1
6105,1,0,1,1
6106,1,1,0,1
6107,0,1,1,1
6108,0,1,1,1
6109,0,1,1,1
6110,1,1,0,1
6111,1,1,1,1
6112,1,1,1,1
6113,1,1,0,1
6114,0,1,1,1
6115,1,1,1,1
6116,1,1,1,1
6117,1,0,1,1
6118,1,1,1,1
6119,1,0,1,1
6120,1,1,1,1
6121,1,1,1,1
6122,1,1,1,1
6123,1,1,1,1
6124,1,0,1,1
6125,0,1,1,1
6126,1,1,0,1
6127,1,1,1,1
6128,1,1,1,1
6129,1,1,1,1
6130,1,1,1,1
6131,1,1,1,1
6132,1,0,1,1
6133,1,1,1,1
6134,1,1,1,1
6135,1,1,1,1
6136,1,1,0,1
6137,1,1,1,1
6138,1,1,0,1
6139,1,1,1,1
6140,1,0,1,1
6141,1,1,0,1
6142,1,0,1,1
6143,1,1,1,1
6144,1,0,1,1
6145,1,1,1,1
6146,1,0,1,1
6147,1,1,0,1
6148,1,1,1,1
6149,1,1,1,1
6150,1,0,1,1
6151,1,1,1,1
6152,1,1,0,1
6153,1,1,0,1
6154,1,1,0,1
6155,1,1,0,1
6156,1,1,0,1
6157,1,1,1,1
6158,1,1,1,1
6159,1,0,1,1
6160,1,1,1,1
6161,1,1,1,1
6162,1,0,1,1
6163,1,1,1,1
6164,1,1,1,1
6165,1,0,1,1
6166,1,1,0,1
6167,1,1,1,1
6168,1,0,1,1
6169,1,1,1,1
6170,1,1,1,1
6171,1,1,1,1
6172,1,1,1,1
6173,1,1,1,1
6174,1,1,1,1
6175,1,1,1,1
6176,1,1,1,1
6177,1,1,0,1
6178,1,0,1,1
6179,1,1,0,1
6180,0,1,0,1
6181,0,1,1,1
6182,0,1,1,1
6183,1,1,0,1
6184,1,1,1,1
6185,1,1,0,1
6186,0,1,1,1
6187,1,1,0,1
6188,1,1,0,1
6189,1,1,1,1
6190,1,1,1,1
6191,1,1,1,1
6192,1,1,0,1
6193,1,1,0,1
6194,1,1,0,1
6195,1,1,0,1
6196,1,1,0,1
6197,1,1,0,1
6198,1,1,1,1
6199,1,1,1,1
6200,1,1,1,1
6201,1,1,1,1
6202,1,1,0,1
6203,1,1,0,1
6204,1,1,0,1
6205,1,1,1,1
6206,0,1,1,1
6207,1,1,0,1
6208,0,1,1,1
6209,1,0,1,1
6210,1,1,1,1
6211,1,1,1,1
6212,1,1,1,1
6213,1,1,1,1
6214,1,1,1,1
6215,1,0,1,1
6216,1,0,1,1
6217,1,1,1,1
6218,1,1,1,1
6219,1,1,1,1
6220,1,1,1,1
6221,1,1,1,1
6222,1,1,1,1
6223,1,1,1,1
6224,1,1,1,1
6225,1,0,1,1
6226,1,1,1,1
6227,1,1,1,1
6228,1,1,1,1
6229,1,1,1,1
6230,1,1,1,1
6231,1,0,1,1
6232,1,1,1,1
6233,1,1,1,1
6234,1,1,1,1
6235,1,0,1,1
6236,1,0,1,1
6237,1,1,1,1
6238,1,1,1,1
6239,1,0,1,1
6240,1,1,1,1
6241,1,1,1,1
6242,1,1,1,1
6243,1,1,1,1
6244,1,1,0,1
6245,1,0,1,1
6246,0,1,1,1
6247,1,1,1,1
6248,1,1,0,1
6249,1,1,1,1
6250,1,1,1,1
6251,1,0,1,1
6252,1,1,1,1
6253,1,1,1,1
6254,1,0,1,1
6255,1,0,1,1
6256,1,1,1,1
6257,1,1,1,1
6258,1,1,1,1
6259,1,1,1,1
6260,1,1,1,1
6261,1,1,1,1
6262,1,1,1,1
6263,1,0,1,1
6264,1,1,1,1
6265,1,1,1,1
6266,1,1,1,1
6267,1,1,1,1
6268,1,0,1,1
6269,1,1,1,1
6270,1,1,1,1
6271,1,1,1,1
6272,1,1,0,1
6273,1,1,1,1
6274,1,1,1,1
6275,1,1,1,1
6276,1,0,1,1
6277,1,0,1,1
6278,1,1,1,1
6279,1,1,1,1
6280,1,1,1,1
6281,1,1,1,1
6282,1,1,1,1
6283,1,1,1,1
6284,1,1,0,1
6285,1,1,1,1
6286,1,1,1,1
6287,1,1,1,1
6288,1,1,0,1
6289,1,1,0,1
6290,1,1,1,1
6291,1,1,1,1
6292,1,1,1,1
6293,1,1,0,1
6294,1,0,1,1
6295,0,1,1,1
6296,1,1,1,1
6297,1,0,1,1
6298,1,1,1,1
6299,1,1,0,1
6300,1,1,1,1
6301,1,1,1,1
6302,1,1,1,1
6303,1,1,0,1
6304,1,1,1,1
6305,1,1,1,1
6306,1,1,1,1
6307,1,1,1,1
6308,1,1,1,1
6309,1,1,0,1
6310,1,1,1,1
6311,1,0,1,1
6312,1,1,0,1
6313,1,1,1,1
6314,1,0,1,1
6315,1,1,1,1
6316,1,1,1,1
6317,1,1,1,1
6318,1,1,1,1
6319,1,1,0,1
6320,1,1,1,1
6321,1,1,1,1
6322,1,1,1,1
6323,1,1,0,1
6324,1,1,1,1
6325,1,1,0,1
6326,1,1,1,1
6327,1,1,1,1
6328,1,1,1,1
6329,1,1,1,1
6330,1,1,1,1
6331,1,1,1,1
6332,1,1,0,1
6333,1,1,1,1
6334,1,1,1,1
6335,1,1,1,1
6336,1,1,1,1
6337,1,1,0,1
6338,1,1,0,1
6339,1,1,1,1
6340,1,1,0,1
6341,1,1,1,1
6342,1,1,0,1
6343,1,1,1,1
6344,1,1,0,1
6345,1,1,1,1
6346,1,1,0,1
6347,1,1,1,1
6348,1,1,1,1
6349,1,1,0,1
6350,1,1,1,1
6351,1,1,0,1
6352,1,1,0,1
6353,1,1,1,1
6354,1,1,1,1
6355,1,1,1,1
6356,1,1,1,1
6357,1,1,0,1
6358,1,1,1,1
6359,1,1,0,1
6360,1,1,1,1
6361,1,0,1,1
6362,1,1,1,1
6363,1,1,0,1
6364,1,1,1,1
6365,1,1,1,1
6366,1,1,0,1
6367,1,1,1,1
6368,1,1,0,1
6369,1,1,1,1
6370,1,1,1,1
6371,1,1,0,1
6372,1,1,1,1
6373,1,1,1,1
6374,1,1,0,1
6375,1,1,0,1
6376,1,1,1,1
6377,1,1,1,1
6378,1,1,1,1
6379,0,1,1,1
6380,1,1,1,1
6381,1,1,0,1
6382,1,1,1,1
6383,1,1,1,1
6384,1,1,1,1
6385,1,1,1,1
6386,1,1,1,1
6387,1,1,0,1
6388,1,1,1,1
6389,1,1,0,1
6390,1,1,1,1
6391,1,1,1,1
6392,1,1,0,1
6393,1,1,0,1
6394,1,1,1,1
6395,0,1,1,1
6396,1,1,1,1
6397,1,1,1,1
6398,1,1,1,1
6399,1,1,1,1
6400,1,1,1,1
6401,1,1,1,1
6402,1,1,1,1
6403,1,1,0,1
6404,1,1,1,1
6405,1,1,1,1
6406,1,1,1,1
6407,1,1,1,1
6408,1,1,1,1
6409,1,1,1,1
6410,1,1,1,1
6411,1,1,0,1
6412,1,1,1,1
6413,1,1,1,1
6414,1,1,1,1
6415,1,1,1,1
6416,1,1,1,1
6417,1,1,1,1
6418,1,1,1,1
6419,1,0,1,1
6420,1,1,1,1
6421,1,1,1,1
6422,1,1,1,1
6423,1,1,1,1
6424,1,1,1,1
6425,1,1,1,1
6426,1,1,1,1
6427,1,1,1,1
6428,1,1,1,1
6429,1,1,1,1
6430,1,1,1,1
6431,1,1,1,1
6432,1,1,1,1
6433,1,1,1,1
6434,1,1,1,1
6435,1,1,1,1
6436,1,1,1,1
6437,1,1,1,1
6438,1,1,1,1
6439,1,1,1,1
6440,1,1,1,1
6441,0,1,1,1
6442,1,1,1,1
6443,1,1,1,1
6444,1,1,1,1
6445,1,1,1,1
6446,1,1,1,1
6447,1,1,1,1
6448,1,1,1,1
6449,1,1,1,1
6450,1,1,1,1
6451,0,1,1,1
6452,1,1,1,1
6453,1,1,1,1
6454,1,1,1,1
6455,1,1,0,1
6456,1,1,1,1
6457,1,1,1,1
6458,1,1,1,1
6459,1,1,1,1
6460,1,1,1,1
6461,1,1,1,1
6462,1,1,1,1
6463,0,1,1,1
6464,1,1,1,1
6465,1,1,1,1
6466,1,1,1,1
6467,1,1,1,1
6468,0,1,1,1
6469,1,0,1,1
6470,0,1,1,1
6471,1,1,0,1
6472,1,1,1,1
6473,1,1,1,1
6474,0,1,1,1
6475,1,1,1,1
6476,1,1,1,1
6477,1,1,1,1
6478,1,1,1,1
6479,1,1,1,1
6480,1,1,1,1
6481,1,1,1,1
6482,1,1,1,1
6483,1,1,1,1
6484,1,1,1,1
6485,1,1,1,1
6486,1,1,1,1
6487,1,1,1,1
6488,1,0,1,1
6489,1,0,1,1
6490,1,1,1,1
6491,1,1,1,1
6492,1,1,1,1
6493,1,1,1,1
6494,1,1,1,1
6495,0,1,1,1
6496,0,1,1,1
6497,1,1,1,1
6498,1,1,1,1
6499,1,1,1,1
6500,1,1,1,1
6501,1,0,1,1
6502,1,1,1,1
6503,1,1,1,1
6504,1,1,1,1
6505,1,1,1,1
6506,1,1,1,1
6507,1,1,1,1
6508,1,1,1,1
6509,1,1,1,1
6510,1,1,1,1
6511,1,1,1,1
6512,1,1,1,1
6513,1,1,0,1
6514,0,1,1,1
6515,1,1,1,1
6516,1,1,1,1
6517,0,1,1,1
6518,1,1,1,1
6519,1,1,1,1
6520,1,1,1,1
6521,1,1,0,1
6522,1,1,1,1
6523,1,1,1,1
6524,1,1,1,1
6525,1,1,1,1
6526,1,1,1,1
6527,0,1,1,1
6528,1,1,1,1
6529,1,0,1,1
6530,0,1,1,1
6531,1,1,1,1
6532,1,0,1,1
6533,1,1,1,1
6534,1,1,1,1
6535,0,1,1,1
6536,1,1,1,1
6537,1,1,1,1
6538,0,1,1,1
6539,1,0,1,1
6540,0,1,1,1
6541,1,0,1,1
6542,1,1,1,1
6543,1,0,1,1
6544,1,1,1,1
6545,1,1,1,1
6546,1,1,1,1
6547,1,1,1,1
6548,1,1,0,1
6549,1,1,1,1
6550,1,1,1,1
6551,1,1,1,1
6552,1,1,1,1
6553,1,1,1,1
6554,1,1,1,1
6555,1,1,1,1
6556,1,1,1,1
6557,1,1,1,1
6558,1,1,1,1
6559,0,1,1,1
6560,1,1,1,1
6561,1,1,0,1
6562,0,1,1,1
6563,1,1,1,1
6564,1,1,1,1
6565,1,1,1,1
6566,1,1,1,1
6567,1,1,0,1
6568,1,1,1,1
6569,1,1,1,1
6570,0,1,1,1
6571,1,1,0,1
6572,1,1,1,1
6573,1,1,1,1
6574,1,1,1,1
6575,1,1,1,1
6576,1,1,1,1
6577,1,1,1,1
6578,1,1,1,1
6579,1,1,1,1
6580,1,1,1,1
6581,1,1,1,1
6582,1,1,1,1
6583,1,1,1,1
6584,1,1,1,1
6585,1,1,1,1
6586,1,1,1,1
6587,1,1,1,1
6588,1,1,1,1
6589,1,1,1,1
6590,1,1,1,1
6591,1,1,0,1
6592,1,1,1,1
6593,1,1,1,1
6594,1,1,1,1
6595,1,1,1,1
6596,1,1,1,1
6597,1,1,1,1
6598,1,1,1,1
6599,1,1,1,1
6600,1,1,1,1
6601,1,1,1,1
6602,1,1,1,1
6603,1,1,1,1
6604,1,1,1,1
6605,1,1,1,1
6606,1,1,1,1
6607,1,1,1,1
6608,1,1,0,1
6609,1,1,1,1
6610,1,1,1,1
6611,1,1,1,1
6612,1,1,1,1
6613,1,1,1,1
6614,1,1,0,1
6615,1,1,0,1
6616,1,1,1,1
6617,1,1,1,1
6618,1,1,0,1
6619,1,1,1,1
6620,1,1,1,1
6621,1,1,1,1
6622,1,1,1,1
6623,1,1,1,1
6624,1,1,1,1
6625,1,0,1,1
6626,1,1,1,1
6627,0,1,1,1
6628,1,1,0,1
6629,1,1,1,1
6630,1,1,0,1
6631,1,1,1,1
6632,1,1,1,1
6633,1,1,1,1
6634,1,1,1,1
6635,1,1,1,1
6636,1,1,1,1
6637,1,1,1,1
6638,1,0,1,1
6639,0,1,1,1
6640,1,1,1,1
6641,1,1,1,1
6642,1,1,1,1
6643,1,1,1,1
6644,1,1,1,1
6645,1,1,0,1
6646,1,1,1,1
6647,1,0,1,1
6648,1,1,0,1
6649,0,1,1,1
6650,0,1,1,1
6651,1,1,1,1
6652,1,1,1,1
6653,1,0,1,1
6654,1,1,1,1
6655,1,1,1,1
6656,1,1,1,1
6657,1,1,1,1
6658,1,1,1,1
6659,1,1,1,1
6660,1,1,1,1
6661,1,1,1,1
6662,1,1,1,1
6663,1,1,1,1
6664,1,1,1,1
6665,1,1,1,1
6666,0,1,1,1
6667,1,1,1,1
6668,1,1,1,1
6669,1,1,1,1
6670,1,0,1,1
6671,1,1,1,1
6672,1,1,1,1
6673,1,1,1,1
6674,1,1,1,1
6675,1,1,1,1
6676,1,1,1,1
6677,1,1,0,1
6678,1,1,1,1
6679,1,1,1,1
6680,1,1,1,1
6681,1,1,0,1
6682,0,1,1,1
6683,1,1,1,1
6684,1,1,1,1
6685,1,1,1,1
6686,1,1,1,1
6687,1,1,1,1
6688,1,1,1,1
6689,1,1,1,1
6690,1,1,1,1
6691,1,1,0,1
6692,1,1,1,1
6693,1,1,1,1
6694,0,1,1,1
6695,1,1,1,1
6696,0,1,1,1
6697,1,1,1,1
6698,0,1,1,1
6699,1,1,1,1
6700,1,1,1,1
6701,1,1,1,1
6702,0,1,1,1
6703,1,1,1,1
6704,1,1,1,1
6705,1,1,0,1
6706,1,1,1,1
6707,1,1,1,1
6708,1,1,1,1
6709,1,1,0,1
6710,1,1,1,1
6711,0,1,1,1
6712,1,1,1,1
6713,1,1,0,1
6714,1,1,1,1
6715,0,1,1,1
6716,1,1,1,1
6717,1,1,1,1
6718,1,1,1,1
6719,1,1,1,1
6720,1,1,1,1
6721,1,1,1,1
6722,1,1,1,1
6723,1,1,1,1
6724,1,1,1,1
6725,1,1,1,1
6726,1,1,1,1
6727,1,1,1,1
6728,0,1,1,1
6729,1,1,1,1
6730,1,1,1,1
6731,1,1,1,1
6732,1,1,0,1
6733,1,1,1,1
6734,1,1,1,1
6735,1,1,1,1
6736,1,1,1,1
6737,1,1,1,1
6738,1,1,1,1
6739,0,1,1,1
6740,1,1,1,1
6741,1,1,1,1
6742,0,1,1,1
6743,1,1,1,1
6744,1,1,1,1
6745,0,1,1,1
6746,1,1,1,1
6747,1,1,1,1
6748,0,1,1,1
6749,1,1,1,1
6750,0,1,1,1
6751,1,1,1,1
6752,1,1,1,1
6753,1,1,1,1
6754,1,1,1,1
6755,0,1,1,1
6756,1,1,1,1
6757,1,1,1,1
6758,1,1,1,1
6759,1,1,1,1
6760,1,1,1,1
6761,1,1,1,1
6762,1,1,1,1
6763,1,1,1,1
6764,1,1,1,1
6765,1,1,1,1
6766,1,1,1,1
6767,1,1,1,1
6768,1,1,1,1
6769,1,1,1,1
6770,1,1,1,1
6771,1,1,1,1
6772,1,1,1,1
6773,1,1,1,1
6774,1,1,1,1
6775,1,1,1,1
6776,1,1,1,1
6777,1,1,1,1
6778,1,1,1,1
6779,1,1,1,1
6780,1,1,1,1
6781,1,1,1,1
6782,1,1,1,1
6783,1,1,1,1
6784,1,1,1,1
6785,1,1,1,1
6786,1,1,1,1
6787,1,1,1,1
6788,1,1,1,1
6789,1,1,1,1
6790,1,1,1,1
6791,1,1,1,1
6792,1,1,1,1
6793,1,1,1,1
6794,1,1,1,1
6795,1,1,1,1
6796,1,1,1,1
6797,1,1,1,1
6798,1,1,1,1
6799,1,1,1,1
6800,1,1,1,1
6801,1,1,1,1
6802,1,1,1,1
6803,1,1,1,1
6804,1,1,1,1
6805,1,1,1,1
6806,1,1,1,1
6807,1,1,1,1
6808,1,1,1,1
6809,1,1,1,1
6810,1,1,1,1
6811,1,1,1,1
6812,1,1,1,1
6813,1,1,1,1
6814,1,1,1,1
6815,1,1,1,1
6816,1,1,1,1
6817,1,1,1,1
6818,1,1,1,1
6819,1,1,1,1
6820,1,1,1,1
6821,1,1,1,1
6822,1,1,1,1
6823,1,1,1,1
6824,1,1,1,1
6825,1,1,1,1
6826,1,1,1,1
6827,1,1,1,1
6828,1,1,1,1
6829,1,1,1,1
6830,1,1,1,1
6831,1,1,1,1
6832,1,1,1,1
6833,1,1,1,1
6834,1,1,1,1
6835,1,1,1,1
6836,1,1,1,1
6837,1,1,1,1
6838,1,1,1,1
6839,1,1,1,1
6840,1,1,1,1
6841,1,1,1,1
6842,1,1,1,1
6843,1,1,1,1
6844,1,1,1,1
6845,1,1,1,1
6846,1,1,1,1
6847,1,1,1,1
6848,1,1,1,1
6849,1,1,1,1
6850,1,1,1,1
6851,1,1,1,1
6852,1,1,1,1
6853,1,1,1,1
6854,1,1,1,1
6855,1,1,1,1
6856,1,1,1,1
6857,1,1,1,1
6858,1,1,1,1
6859,1,1,1,1
6860,1,1,1,1
6861,1,1,1,1
6862,1,1,1,1
6863,1,1,1,1
6864,1,1,1,1
6865,1,1,1,1
6866,1,1,1,1
6867,1,1,1,1
6868,1,1,1,1
6869,1,1,1,1
6870,1,1,1,1
6871,1,1,1,1
6872,1,1,1,1
6873,1,1,1,1
6874,1,1,1,1
6875,1,1,1,1
6876,1,1,1,1
6877,1,1,1,1
6878,1,1,1,1
6879,1,1,1,1
6880,1,1,1,1
6881,1,1,1,1
6882,1,1,1,1
6883,1,1,1,1
6884,1,1,1,1
6885,1,1,1,1
6886,1,1,1,1
6887,1,1,1,1
6888,1,1,1,1
6889,1,1,1,1
6890,1,1,1,1
6891,1,1,1,1
6892,1,1,1,1
6893,1,1,1,1
6894,1,1,1,1
6895,1,1,1,1
6896,1,1,1,1
6897,1,1,1,1
6898,1,1,1,1
6899,1,1,1,1
6900,1,1,1,1
6901,1,1,1,1
6902,1,1,1,1
6903,1,1,1,1
6904,1,1,1,1
6905,1,1,1,1
6906,1,1,1,1
6907,1,1,1,1
6908,1,1,1,1
6909,1,1,1,1
6910,1,1,1,1
6911,1,1,1,1
6912,1,1,1,1
6913,1,1,1,1
6914,1,1,1,1
6915,1,1,1,1
6916,1,1,1,1
6917,1,1,1,1
6918,1,1,1,1
6919,1,1,1,1
6920,1,1,1,1
6921,1,1,1,1
6922,1,1,1,1
6923,1,1,1,1
6924,1,1,1,1
6925,1,1,1,1
6926,1,1,1,1
6927,1,1,1,1
6928,1,1,1,1
6929,1,1,1,1
6930,1,1,1,1
6931,1,1,1,1
6932,1,1,1,1
6933,1,1,1,1
6934,1,1,1,1
6935,1,1,1,1
6936,1,1,1,1
6937,1,1,1,1
6938,1,1,1,1
6939,1,1,1,1
6940,1,1,1,1
6941,1,1,1,1
6942,1,1,1,1
6943,1,1,1,1
6944,1,1,1,1
6945,1,1,1,1
6946,1,1,1,1
6947,1,1,1,1
6948,1,1,1,1
6949,1,1,1,1
6950,1,1,1,1
6951,1,1,1,1
6952,1,1,1,1
6953,1,1,1,1
6954,1,1,1,1
6955,1,1,1,1
6956,1,1,1,1
6957,1,1,1,1
6958,1,1,1,1
6959,1,1,1,1
6960,1,1,1,1
6961,1,1,1,1
6962,1,1,1,1
6963,1,1,1,1
6964,1,1,1,1
6965,1,1,1,1
6966,1,1,1,1
6967,1,1,1,1
6968,1,1,1,1
6969,1,1,1,1
6970,1,1,1,1
6971,1,1,1,1
6972,1,1,1,1
6973,1,1,1,1
6974,1,1,1,1
6975,1,1,1,1
6976,1,1,1,1
6977,1,1,1,1
6978,1,1,1,1
6979,1,1,1,1
6980,1,1,1,1
6981,1,1,1,1
6982,1,1,1,1
6983,1,1,1,1
6984,1,1,1,1
6985,1,1,1,1
6986,1,1,1,1
6987,1,1,1,1
6988,1,1,1,1
6989,1,1,1,1
6990,1,1,1,1
6991,1,1,1,1
6992,1,1,1,1
6993,1,1,1,1
6994,1,1,1,1
6995,1,1,1,1
6996,1,1,1,1
6997,1,1,1,1
6998,1,1,1,1
6999,1,1,1,1
7000,1,1,1,1